#
# There is insufficient memory for the Java Runtime Environment to continue.
# Native memory allocation (malloc) failed to allocate 1457776 bytes. Error detail: Chunk::new
# Possible reasons:
#   The system is out of physical RAM or swap space
#   This process is running with CompressedOops enabled, and the Java Heap may be blocking the growth of the native heap
# Possible solutions:
#   Reduce memory load on the system
#   Increase physical memory or swap space
#   Check if swap backing store is full
#   Decrease Java heap size (-Xmx/-Xms)
#   Decrease number of Java threads
#   Decrease Java thread stack sizes (-Xss)
#   Set larger code cache with -XX:ReservedCodeCacheSize=
#   JVM is running with Zero Based Compressed Oops mode in which the Java heap is
#     placed in the first 32GB address space. The Java Heap base address is the
#     maximum limit for the native heap growth. Please use -XX:HeapBaseMinAddress
#     to set the Java Heap base and to place the Java Heap above 32GB virtual address.
# This output file may be truncated or incomplete.
#
#  Out of Memory Error (arena.cpp:168), pid=12828, tid=4204
#
# JRE version: OpenJDK Runtime Environment (21.0.8) (build 21.0.8+-14196175-b1038.72)
# Java VM: OpenJDK 64-Bit Server VM (21.0.8+-14196175-b1038.72, mixed mode, tiered, compressed oops, compressed class ptrs, parallel gc, windows-amd64)
# No core dump will be written. Minidumps are not enabled by default on client versions of Windows
#

---------------  S U M M A R Y ------------

Command Line: --add-opens=java.base/java.lang=ALL-UNNAMED --add-opens=java.base/java.lang.invoke=ALL-UNNAMED --add-opens=java.base/java.util=ALL-UNNAMED --add-opens=java.prefs/java.util.prefs=ALL-UNNAMED --add-exports=jdk.compiler/com.sun.tools.javac.api=ALL-UNNAMED --add-exports=jdk.compiler/com.sun.tools.javac.util=ALL-UNNAMED --add-opens=java.base/java.util=ALL-UNNAMED --add-opens=java.prefs/java.util.prefs=ALL-UNNAMED --add-opens=java.base/java.nio.charset=ALL-UNNAMED --add-opens=java.base/java.net=ALL-UNNAMED --add-opens=java.base/java.util.concurrent.atomic=ALL-UNNAMED --add-opens=java.xml/javax.xml.namespace=ALL-UNNAMED -XX:+HeapDumpOnOutOfMemoryError -XX:+UseParallelGC -Xmx4096m -Dfile.encoding=UTF-8 -Duser.country=CN -Duser.language=zh -Duser.variant -javaagent:C:\Users\gyyzkczx\.gradle\wrapper\dists\gradle-8.13-bin\5xuhj0ry160q40clulazy9h7d\gradle-8.13\lib\agents\gradle-instrumentation-agent-8.13.jar org.gradle.launcher.daemon.bootstrap.GradleDaemon 8.13

Host: 12th Gen Intel(R) Core(TM) i7-12650H, 16 cores, 15G,  Windows 11 , 64 bit Build 26100 (10.0.26100.3360)
Time: Fri May 22 14:27:26 2026 elapsed time: 15.216626 seconds (0d 0h 0m 15s)

---------------  T H R E A D  ---------------

Current thread (0x000001974dc5e950):  JavaThread "C2 CompilerThread1" daemon [_thread_in_native, id=4204, stack(0x00000054eb900000,0x00000054eba00000) (1024K)]


Current CompileTask:
C2:15216 16755 %     4       com.android.tools.r8.internal.wB::a @ 585 (3928 bytes)

Stack: [0x00000054eb900000,0x00000054eba00000]
Native frames: (J=compiled Java code, j=interpreted, Vv=VM code, C=native code)
V  [jvm.dll+0x6d68d9]
V  [jvm.dll+0x866693]
V  [jvm.dll+0x868c4e]
V  [jvm.dll+0x869333]
V  [jvm.dll+0x280566]
V  [jvm.dll+0xc07cd]
V  [jvm.dll+0xc0d03]
V  [jvm.dll+0x3b95e1]
V  [jvm.dll+0x385507]
V  [jvm.dll+0x38497a]
V  [jvm.dll+0x249252]
V  [jvm.dll+0x248821]
V  [jvm.dll+0x1c73a4]
V  [jvm.dll+0x257f9e]
V  [jvm.dll+0x2564e6]
V  [jvm.dll+0x3f4696]
V  [jvm.dll+0x80eac8]
V  [jvm.dll+0x6d512d]
C  [ucrtbase.dll+0x37b0]
C  [KERNEL32.DLL+0x2e8d7]
C  [ntdll.dll+0xb197c]


---------------  P R O C E S S  ---------------

Threads class SMR info:
_java_thread_list=0x0000019754d8e130, length=214, elements={
0x000001972a188ce0, 0x000001974b01fbb0, 0x000001974b020430, 0x000001974b040b10,
0x000001974b0616c0, 0x000001974b0589f0, 0x000001974b044a90, 0x000001974b047500,
0x000001974b062bd0, 0x000001974b06c6e0, 0x000001974b2229c0, 0x000001974b223070,
0x000001974b223720, 0x000001974cdaa1b0, 0x000001974e556250, 0x000001974e71cef0,
0x000001974e9246f0, 0x000001974e662080, 0x000001974e6626f0, 0x000001974e9265d0,
0x000001974e926c60, 0x000001974e9272f0, 0x000001974e927980, 0x000001974e9ebc30,
0x000001974e9ecfe0, 0x000001974e9ed670, 0x000001974e9edd00, 0x000001974e9ee390,
0x000001974e9eea20, 0x000001974e9ef0b0, 0x000001974e9f1810, 0x000001974dc5e950,
0x000001974dc5b9a0, 0x000001974dc5b2d0, 0x000001974e9f3250, 0x000001974e9efdd0,
0x000001974dc5c070, 0x000001974e9f1ea0, 0x000001974e9f2530, 0x000001974dc05290,
0x000001974dc05920, 0x000001974dc06640, 0x000001974dc04c00, 0x000001974dc0a7e0,
0x000001974dc0a150, 0x000001974dc07360, 0x000001974dc0ae70, 0x000001974dc079f0,
0x000001974dc08da0, 0x000001974dc09430, 0x000001974dc0b500, 0x000001974dc08080,
0x000001974dc0bb90, 0x000001974dc08710, 0x000001974dc09ac0, 0x000001974dc0c220,
0x000001974e9f1180, 0x000001974fbb0b80, 0x000001974fbafe60, 0x000001974fbaeab0,
0x000001974fbb04f0, 0x000001974fbaf140, 0x000001974fbad700, 0x000001974fbb1210,
0x000001974fbadd90, 0x000001974fbb18a0, 0x000001974fbae420, 0x000001974fbb1f30,
0x000001974fbb25c0, 0x000001974fbb32e0, 0x000001974fbb4000, 0x000001974fbb4690,
0x000001974fbb2c50, 0x000001974fbb3970, 0x000001974fbb4d20, 0x0000019754ad0e50,
0x0000019754ad35b0, 0x0000019754ad07c0, 0x0000019754ad2200, 0x0000019754ad2890,
0x0000019754ad2f20, 0x0000019754ad0130, 0x0000019754ad3c40, 0x0000019754ad42d0,
0x0000019754ad14e0, 0x0000019754ad4960, 0x0000019754ad4ff0, 0x0000019754ad1b70,
0x0000019754ad63a0, 0x0000019754ad7750, 0x0000019754ad6a30, 0x0000019754ad5680,
0x0000019754ad5d10, 0x0000019754ad70c0, 0x000001975221bc10, 0x000001975221f720,
0x000001975221dce0, 0x000001975221ea00, 0x000001975221cfc0, 0x000001975221c930,
0x000001975221d650, 0x000001975221f090, 0x000001975221e370, 0x000001975221c2a0,
0x0000019752220440, 0x0000019752220ad0, 0x0000019752221160, 0x00000197522217f0,
0x0000019752222510, 0x0000019752221e80, 0x0000019752222ba0, 0x0000019752223230,
0x000001975221fdb0, 0x0000019754ed4610, 0x0000019754ed7a90, 0x0000019754ed5330,
0x0000019754ed4ca0, 0x0000019754ed6050, 0x0000019754ed7400, 0x0000019754ed66e0,
0x0000019754ed6d70, 0x0000019754ed8120, 0x0000019754ed87b0, 0x0000019754ed8e40,
0x0000019754ed59c0, 0x0000019754edb5a0, 0x0000019754ed94d0, 0x0000019754edbc30,
0x0000019754ed9b60, 0x0000019754eda1f0, 0x0000019754eda880, 0x0000019754edaf10,
0x00000197506fcff0, 0x00000197506fd680, 0x00000197506fc960, 0x00000197506fa890,
0x00000197506fb5b0, 0x00000197506fa200, 0x00000197506fbc40, 0x00000197506fc2d0,
0x00000197506fdd10, 0x00000197506fe3a0, 0x00000197506faf20, 0x0000019750700470,
0x00000197506ff750, 0x00000197506fea30, 0x00000197506ff0c0, 0x00000197506ffde0,
0x0000019750701820, 0x0000019750701190, 0x0000019750700b00, 0x00000197532a8d10,
0x00000197532a72d0, 0x00000197532a65b0, 0x00000197532a7960, 0x00000197532a7ff0,
0x00000197532a5890, 0x00000197532a93a0, 0x00000197532a6c40, 0x00000197532a8680,
0x00000197532a5f20, 0x00000197532ac190, 0x00000197532ac820, 0x00000197532a9a30,
0x00000197532aceb0, 0x00000197532abb00, 0x00000197532aade0, 0x00000197532aa0c0,
0x00000197556d86e0, 0x00000197556da120, 0x00000197556d9400, 0x00000197556d6ca0,
0x00000197556d8050, 0x00000197556d8d70, 0x00000197556da7b0, 0x00000197556d7330,
0x00000197556dae40, 0x00000197556d79c0, 0x00000197556db4d0, 0x00000197556dbb60,
0x00000197556dc1f0, 0x00000197556dc880, 0x00000197556dcf10, 0x00000197556d9a90,
0x00000197556de2c0, 0x00000197556dd5a0, 0x00000197556ddc30, 0x0000019754bee200,
0x0000019754bedb70, 0x0000019754bee890, 0x0000019754bed4e0, 0x0000019754beb410,
0x0000019754beef20, 0x0000019754bec7c0, 0x0000019754bec130, 0x0000019754bebaa0,
0x0000019754bef5b0, 0x0000019754befc40, 0x0000019754bf02d0, 0x0000019754bece50,
0x0000019754bf3750, 0x0000019754bf23a0, 0x0000019754bf0960, 0x0000019754bf1d10,
0x0000019754bf2a30, 0x0000019754bf30c0, 0x0000019754bf3de0, 0x0000019754bf0ff0,
0x0000019754bf4470, 0x0000019754bf4b00, 0x0000019754bf1680, 0x0000019754bf5190,
0x0000019754bf78f0, 0x0000019754bf8ca0
}

Java Threads: ( => current thread )
  0x000001972a188ce0 JavaThread "main"                              [_thread_blocked, id=23776, stack(0x00000054e8f00000,0x00000054e9000000) (1024K)]
  0x000001974b01fbb0 JavaThread "Common-Cleaner"             daemon [_thread_blocked, id=28032, stack(0x00000054e9300000,0x00000054e9400000) (1024K)]
  0x000001974b020430 JavaThread "Reference Handler"          daemon [_thread_blocked, id=8236, stack(0x00000054e9400000,0x00000054e9500000) (1024K)]
  0x000001974b040b10 JavaThread "Finalizer"                  daemon [_thread_blocked, id=12864, stack(0x00000054e9500000,0x00000054e9600000) (1024K)]
  0x000001974b0616c0 JavaThread "Signal Dispatcher"          daemon [_thread_blocked, id=20672, stack(0x00000054e9600000,0x00000054e9700000) (1024K)]
  0x000001974b0589f0 JavaThread "Attach Listener"            daemon [_thread_blocked, id=24556, stack(0x00000054e9700000,0x00000054e9800000) (1024K)]
  0x000001974b044a90 JavaThread "Service Thread"             daemon [_thread_blocked, id=13356, stack(0x00000054e9800000,0x00000054e9900000) (1024K)]
  0x000001974b047500 JavaThread "Monitor Deflation Thread"   daemon [_thread_blocked, id=8720, stack(0x00000054e9900000,0x00000054e9a00000) (1024K)]
  0x000001974b062bd0 JavaThread "C2 CompilerThread0"         daemon [_thread_in_native, id=25176, stack(0x00000054e9a00000,0x00000054e9b00000) (1024K)]
  0x000001974b06c6e0 JavaThread "C1 CompilerThread0"         daemon [_thread_blocked, id=12816, stack(0x00000054e9b00000,0x00000054e9c00000) (1024K)]
  0x000001974b2229c0 JavaThread "C1 CompilerThread1"         daemon [_thread_blocked, id=29704, stack(0x00000054e9c00000,0x00000054e9d00000) (1024K)]
  0x000001974b223070 JavaThread "C1 CompilerThread2"         daemon [_thread_blocked, id=20976, stack(0x00000054e9d00000,0x00000054e9e00000) (1024K)]
  0x000001974b223720 JavaThread "C1 CompilerThread3"         daemon [_thread_blocked, id=25448, stack(0x00000054e9e00000,0x00000054e9f00000) (1024K)]
  0x000001974cdaa1b0 JavaThread "Notification Thread"        daemon [_thread_blocked, id=17356, stack(0x00000054e9f00000,0x00000054ea000000) (1024K)]
  0x000001974e556250 JavaThread "Daemon health stats"               [_thread_blocked, id=7188, stack(0x00000054ea100000,0x00000054ea200000) (1024K)]
  0x000001974e71cef0 JavaThread "Incoming local TCP Connector on port 63402"        [_thread_in_native, id=6204, stack(0x00000054eaa00000,0x00000054eab00000) (1024K)]
  0x000001974e9246f0 JavaThread "Daemon periodic checks"            [_thread_blocked, id=30268, stack(0x00000054eac00000,0x00000054ead00000) (1024K)]
  0x000001974e662080 JavaThread "Daemon"                            [_thread_blocked, id=30628, stack(0x00000054ead00000,0x00000054eae00000) (1024K)]
  0x000001974e6626f0 JavaThread "Handler for socket connection from /127.0.0.1:63402 to /127.0.0.1:63403"        [_thread_in_native, id=10596, stack(0x00000054eae00000,0x00000054eaf00000) (1024K)]
  0x000001974e9265d0 JavaThread "Cancel handler"                    [_thread_blocked, id=19852, stack(0x00000054eaf00000,0x00000054eb000000) (1024K)]
  0x000001974e926c60 JavaThread "Daemon worker"                     [_thread_blocked, id=21052, stack(0x00000054eb000000,0x00000054eb100000) (1024K)]
  0x000001974e9272f0 JavaThread "Asynchronous log dispatcher for DefaultDaemonConnection: socket connection from /127.0.0.1:63402 to /127.0.0.1:63403"        [_thread_blocked, id=4460, stack(0x00000054eb100000,0x00000054eb200000) (1024K)]
  0x000001974e927980 JavaThread "Stdin handler"                     [_thread_blocked, id=20000, stack(0x00000054eb200000,0x00000054eb300000) (1024K)]
  0x000001974e9ebc30 JavaThread "Daemon client event forwarder"        [_thread_blocked, id=10456, stack(0x00000054eb300000,0x00000054eb400000) (1024K)]
  0x000001974e9ecfe0 JavaThread "Cache worker for journal cache (C:\Users\gyyzkczx\.gradle\caches\journal-1)"        [_thread_blocked, id=27928, stack(0x00000054ea000000,0x00000054ea100000) (1024K)]
  0x000001974e9ed670 JavaThread "File lock request listener"        [_thread_in_native, id=19236, stack(0x00000054eab00000,0x00000054eac00000) (1024K)]
  0x000001974e9edd00 JavaThread "Cache worker for file hash cache (C:\Users\gyyzkczx\.gradle\caches\8.13\fileHashes)"        [_thread_blocked, id=23288, stack(0x00000054eb800000,0x00000054eb900000) (1024K)]
  0x000001974e9ee390 JavaThread "Cache worker for file hash cache (E:\programCodeVersion2.0(DeepSeek)\client\.gradle\8.13\fileHashes)"        [_thread_blocked, id=7836, stack(0x00000054ebc00000,0x00000054ebd00000) (1024K)]
  0x000001974e9eea20 JavaThread "Cache worker for checksums cache (E:\programCodeVersion2.0(DeepSeek)\client\.gradle\8.13\checksums)"        [_thread_blocked, id=25520, stack(0x00000054ebd00000,0x00000054ebe00000) (1024K)]
  0x000001974e9ef0b0 JavaThread "Cache worker for Build Output Cleanup Cache (E:\programCodeVersion2.0(DeepSeek)\client\.gradle\buildOutputCleanup)"        [_thread_blocked, id=20012, stack(0x00000054ebe00000,0x00000054ebf00000) (1024K)]
  0x000001974e9f1810 JavaThread "Cache worker for file content cache (C:\Users\gyyzkczx\.gradle\caches\8.13\fileContent)"        [_thread_blocked, id=4984, stack(0x00000054ebf00000,0x00000054ec000000) (1024K)]
=>0x000001974dc5e950 JavaThread "C2 CompilerThread1"         daemon [_thread_in_native, id=4204, stack(0x00000054eb900000,0x00000054eba00000) (1024K)]
  0x000001974dc5b9a0 JavaThread "C2 CompilerThread2"         daemon [_thread_in_native, id=25488, stack(0x00000054eba00000,0x00000054ebb00000) (1024K)]
  0x000001974dc5b2d0 JavaThread "C2 CompilerThread3"         daemon [_thread_in_native, id=3672, stack(0x00000054ebb00000,0x00000054ebc00000) (1024K)]
  0x000001974e9f3250 JavaThread "File watcher server"        daemon [_thread_in_native, id=24820, stack(0x00000054ec000000,0x00000054ec100000) (1024K)]
  0x000001974e9efdd0 JavaThread "File watcher consumer"      daemon [_thread_blocked, id=25424, stack(0x00000054ec100000,0x00000054ec200000) (1024K)]
  0x000001974dc5c070 JavaThread "C2 CompilerThread4"         daemon [_thread_in_native, id=18972, stack(0x00000054ec200000,0x00000054ec300000) (1024K)]
  0x000001974e9f1ea0 JavaThread "build event listener"              [_thread_blocked, id=17404, stack(0x00000054ec500000,0x00000054ec600000) (1024K)]
  0x000001974e9f2530 JavaThread "build event listener"              [_thread_blocked, id=20020, stack(0x00000054ec600000,0x00000054ec700000) (1024K)]
  0x000001974dc05290 JavaThread "build event listener"              [_thread_blocked, id=30044, stack(0x00000054ec700000,0x00000054ec800000) (1024K)]
  0x000001974dc05920 JavaThread "Build operations"                  [_thread_blocked, id=19544, stack(0x00000054ec800000,0x00000054ec900000) (1024K)]
  0x000001974dc06640 JavaThread "Memory manager"                    [_thread_blocked, id=23304, stack(0x00000054ec300000,0x00000054ec400000) (1024K)]
  0x000001974dc04c00 JavaThread "included builds"                   [_thread_blocked, id=19112, stack(0x00000054ec400000,0x00000054ec500000) (1024K)]
  0x000001974dc0a7e0 JavaThread "Execution worker"                  [_thread_blocked, id=8728, stack(0x00000054ec900000,0x00000054eca00000) (1024K)]
  0x000001974dc0a150 JavaThread "Execution worker Thread 2"         [_thread_blocked, id=24684, stack(0x00000054eca00000,0x00000054ecb00000) (1024K)]
  0x000001974dc07360 JavaThread "Execution worker Thread 3"         [_thread_blocked, id=14888, stack(0x00000054ecb00000,0x00000054ecc00000) (1024K)]
  0x000001974dc0ae70 JavaThread "Execution worker Thread 4"         [_thread_blocked, id=10508, stack(0x00000054ecc00000,0x00000054ecd00000) (1024K)]
  0x000001974dc079f0 JavaThread "Execution worker Thread 5"         [_thread_blocked, id=16808, stack(0x00000054ecd00000,0x00000054ece00000) (1024K)]
  0x000001974dc08da0 JavaThread "Execution worker Thread 6"         [_thread_blocked, id=27908, stack(0x00000054ece00000,0x00000054ecf00000) (1024K)]
  0x000001974dc09430 JavaThread "Execution worker Thread 7"         [_thread_blocked, id=7444, stack(0x00000054ecf00000,0x00000054ed000000) (1024K)]
  0x000001974dc0b500 JavaThread "Execution worker Thread 8"         [_thread_blocked, id=21536, stack(0x00000054ed000000,0x00000054ed100000) (1024K)]
  0x000001974dc08080 JavaThread "Execution worker Thread 9"         [_thread_blocked, id=9312, stack(0x00000054ed100000,0x00000054ed200000) (1024K)]
  0x000001974dc0bb90 JavaThread "Execution worker Thread 10"        [_thread_in_native, id=24304, stack(0x00000054ed200000,0x00000054ed300000) (1024K)]
  0x000001974dc08710 JavaThread "Execution worker Thread 11"        [_thread_in_Java, id=25556, stack(0x00000054ed300000,0x00000054ed400000) (1024K)]
  0x000001974dc09ac0 JavaThread "Execution worker Thread 12"        [_thread_blocked, id=21552, stack(0x00000054ed400000,0x00000054ed500000) (1024K)]
  0x000001974dc0c220 JavaThread "Execution worker Thread 13"        [_thread_blocked, id=17092, stack(0x00000054ed500000,0x00000054ed600000) (1024K)]
  0x000001974e9f1180 JavaThread "Execution worker Thread 14"        [_thread_blocked, id=10736, stack(0x00000054ed600000,0x00000054ed700000) (1024K)]
  0x000001974fbb0b80 JavaThread "Execution worker Thread 15"        [_thread_blocked, id=29036, stack(0x00000054ed700000,0x00000054ed800000) (1024K)]
  0x000001974fbafe60 JavaThread "Cache worker for execution history cache (E:\programCodeVersion2.0(DeepSeek)\client\.gradle\8.13\executionHistory)"        [_thread_blocked, id=1396, stack(0x00000054ed800000,0x00000054ed900000) (1024K)]
  0x000001974fbaeab0 JavaThread "Unconstrained build operations"        [_thread_blocked, id=17132, stack(0x00000054ed900000,0x00000054eda00000) (1024K)]
  0x000001974fbb04f0 JavaThread "Unconstrained build operations Thread 4"        [_thread_blocked, id=21620, stack(0x00000054eda00000,0x00000054edb00000) (1024K)]
  0x000001974fbaf140 JavaThread "Unconstrained build operations Thread 3"        [_thread_blocked, id=17688, stack(0x00000054edb00000,0x00000054edc00000) (1024K)]
  0x000001974fbad700 JavaThread "Unconstrained build operations Thread 5"        [_thread_blocked, id=20892, stack(0x00000054edc00000,0x00000054edd00000) (1024K)]
  0x000001974fbb1210 JavaThread "Unconstrained build operations Thread 2"        [_thread_blocked, id=26400, stack(0x00000054edd00000,0x00000054ede00000) (1024K)]
  0x000001974fbadd90 JavaThread "Unconstrained build operations Thread 6"        [_thread_blocked, id=14968, stack(0x00000054ede00000,0x00000054edf00000) (1024K)]
  0x000001974fbb18a0 JavaThread "Unconstrained build operations Thread 7"        [_thread_blocked, id=4580, stack(0x00000054edf00000,0x00000054ee000000) (1024K)]
  0x000001974fbae420 JavaThread "Unconstrained build operations Thread 8"        [_thread_blocked, id=15068, stack(0x00000054ee000000,0x00000054ee100000) (1024K)]
  0x000001974fbb1f30 JavaThread "Unconstrained build operations Thread 9"        [_thread_blocked, id=17960, stack(0x00000054ee100000,0x00000054ee200000) (1024K)]
  0x000001974fbb25c0 JavaThread "Unconstrained build operations Thread 10"        [_thread_blocked, id=6544, stack(0x00000054ee200000,0x00000054ee300000) (1024K)]
  0x000001974fbb32e0 JavaThread "Unconstrained build operations Thread 11"        [_thread_blocked, id=28024, stack(0x00000054ee300000,0x00000054ee400000) (1024K)]
  0x000001974fbb4000 JavaThread "Unconstrained build operations Thread 12"        [_thread_blocked, id=30600, stack(0x00000054ee400000,0x00000054ee500000) (1024K)]
  0x000001974fbb4690 JavaThread "Unconstrained build operations Thread 13"        [_thread_blocked, id=16488, stack(0x00000054ee500000,0x00000054ee600000) (1024K)]
  0x000001974fbb2c50 JavaThread "Unconstrained build operations Thread 14"        [_thread_blocked, id=27632, stack(0x00000054ee600000,0x00000054ee700000) (1024K)]
  0x000001974fbb3970 JavaThread "Unconstrained build operations Thread 15"        [_thread_blocked, id=26288, stack(0x00000054ee700000,0x00000054ee800000) (1024K)]
  0x000001974fbb4d20 JavaThread "Unconstrained build operations Thread 16"        [_thread_blocked, id=19796, stack(0x00000054ee800000,0x00000054ee900000) (1024K)]
  0x0000019754ad0e50 JavaThread "Unconstrained build operations Thread 17"        [_thread_blocked, id=19732, stack(0x00000054ee900000,0x00000054eea00000) (1024K)]
  0x0000019754ad35b0 JavaThread "Unconstrained build operations Thread 18"        [_thread_blocked, id=512, stack(0x00000054eea00000,0x00000054eeb00000) (1024K)]
  0x0000019754ad07c0 JavaThread "Unconstrained build operations Thread 19"        [_thread_blocked, id=26376, stack(0x00000054eeb00000,0x00000054eec00000) (1024K)]
  0x0000019754ad2200 JavaThread "Unconstrained build operations Thread 20"        [_thread_blocked, id=1920, stack(0x00000054eec00000,0x00000054eed00000) (1024K)]
  0x0000019754ad2890 JavaThread "Unconstrained build operations Thread 21"        [_thread_blocked, id=26436, stack(0x00000054eed00000,0x00000054eee00000) (1024K)]
  0x0000019754ad2f20 JavaThread "Unconstrained build operations Thread 22"        [_thread_blocked, id=21228, stack(0x00000054eee00000,0x00000054eef00000) (1024K)]
  0x0000019754ad0130 JavaThread "Unconstrained build operations Thread 23"        [_thread_blocked, id=2080, stack(0x00000054eef00000,0x00000054ef000000) (1024K)]
  0x0000019754ad3c40 JavaThread "Unconstrained build operations Thread 24"        [_thread_blocked, id=29896, stack(0x00000054ef000000,0x00000054ef100000) (1024K)]
  0x0000019754ad42d0 JavaThread "Unconstrained build operations Thread 25"        [_thread_blocked, id=6104, stack(0x00000054ef100000,0x00000054ef200000) (1024K)]
  0x0000019754ad14e0 JavaThread "Unconstrained build operations Thread 26"        [_thread_blocked, id=21412, stack(0x00000054ef200000,0x00000054ef300000) (1024K)]
  0x0000019754ad4960 JavaThread "Unconstrained build operations Thread 27"        [_thread_blocked, id=22752, stack(0x00000054ef300000,0x00000054ef400000) (1024K)]
  0x0000019754ad4ff0 JavaThread "Unconstrained build operations Thread 29"        [_thread_blocked, id=22232, stack(0x00000054ef400000,0x00000054ef500000) (1024K)]
  0x0000019754ad1b70 JavaThread "Unconstrained build operations Thread 28"        [_thread_blocked, id=13520, stack(0x00000054ef500000,0x00000054ef600000) (1024K)]
  0x0000019754ad63a0 JavaThread "Unconstrained build operations Thread 30"        [_thread_blocked, id=29828, stack(0x00000054ef600000,0x00000054ef700000) (1024K)]
  0x0000019754ad7750 JavaThread "Unconstrained build operations Thread 31"        [_thread_blocked, id=22944, stack(0x00000054ef700000,0x00000054ef800000) (1024K)]
  0x0000019754ad6a30 JavaThread "Unconstrained build operations Thread 32"        [_thread_blocked, id=27028, stack(0x00000054ef800000,0x00000054ef900000) (1024K)]
  0x0000019754ad5680 JavaThread "Unconstrained build operations Thread 33"        [_thread_blocked, id=13224, stack(0x00000054ef900000,0x00000054efa00000) (1024K)]
  0x0000019754ad5d10 JavaThread "Unconstrained build operations Thread 34"        [_thread_blocked, id=10788, stack(0x00000054efa00000,0x00000054efb00000) (1024K)]
  0x0000019754ad70c0 JavaThread "Unconstrained build operations Thread 35"        [_thread_blocked, id=26216, stack(0x00000054efb00000,0x00000054efc00000) (1024K)]
  0x000001975221bc10 JavaThread "Unconstrained build operations Thread 36"        [_thread_blocked, id=26688, stack(0x00000054efc00000,0x00000054efd00000) (1024K)]
  0x000001975221f720 JavaThread "Unconstrained build operations Thread 37"        [_thread_blocked, id=20428, stack(0x00000054efd00000,0x00000054efe00000) (1024K)]
  0x000001975221dce0 JavaThread "Unconstrained build operations Thread 38"        [_thread_blocked, id=19104, stack(0x00000054efe00000,0x00000054eff00000) (1024K)]
  0x000001975221ea00 JavaThread "Unconstrained build operations Thread 39"        [_thread_blocked, id=29492, stack(0x00000054eff00000,0x00000054f0000000) (1024K)]
  0x000001975221cfc0 JavaThread "Unconstrained build operations Thread 42"        [_thread_blocked, id=14232, stack(0x00000054f0000000,0x00000054f0100000) (1024K)]
  0x000001975221c930 JavaThread "Unconstrained build operations Thread 40"        [_thread_blocked, id=23488, stack(0x00000054f0100000,0x00000054f0200000) (1024K)]
  0x000001975221d650 JavaThread "Unconstrained build operations Thread 41"        [_thread_blocked, id=23312, stack(0x00000054f0200000,0x00000054f0300000) (1024K)]
  0x000001975221f090 JavaThread "Unconstrained build operations Thread 43"        [_thread_blocked, id=28360, stack(0x00000054f0300000,0x00000054f0400000) (1024K)]
  0x000001975221e370 JavaThread "Unconstrained build operations Thread 44"        [_thread_blocked, id=2064, stack(0x00000054f0400000,0x00000054f0500000) (1024K)]
  0x000001975221c2a0 JavaThread "Unconstrained build operations Thread 45"        [_thread_blocked, id=5056, stack(0x00000054f0500000,0x00000054f0600000) (1024K)]
  0x0000019752220440 JavaThread "Unconstrained build operations Thread 46"        [_thread_blocked, id=28388, stack(0x00000054f0600000,0x00000054f0700000) (1024K)]
  0x0000019752220ad0 JavaThread "Unconstrained build operations Thread 47"        [_thread_blocked, id=26352, stack(0x00000054f0700000,0x00000054f0800000) (1024K)]
  0x0000019752221160 JavaThread "Unconstrained build operations Thread 48"        [_thread_blocked, id=17712, stack(0x00000054f0800000,0x00000054f0900000) (1024K)]
  0x00000197522217f0 JavaThread "Unconstrained build operations Thread 52"        [_thread_blocked, id=12180, stack(0x00000054f0900000,0x00000054f0a00000) (1024K)]
  0x0000019752222510 JavaThread "Unconstrained build operations Thread 53"        [_thread_blocked, id=11532, stack(0x00000054f0a00000,0x00000054f0b00000) (1024K)]
  0x0000019752221e80 JavaThread "Unconstrained build operations Thread 54"        [_thread_blocked, id=12416, stack(0x00000054f0b00000,0x00000054f0c00000) (1024K)]
  0x0000019752222ba0 JavaThread "Unconstrained build operations Thread 49"        [_thread_blocked, id=25392, stack(0x00000054f0c00000,0x00000054f0d00000) (1024K)]
  0x0000019752223230 JavaThread "Unconstrained build operations Thread 50"        [_thread_blocked, id=19036, stack(0x00000054f0d00000,0x00000054f0e00000) (1024K)]
  0x000001975221fdb0 JavaThread "Unconstrained build operations Thread 51"        [_thread_blocked, id=12788, stack(0x00000054f0e00000,0x00000054f0f00000) (1024K)]
  0x0000019754ed4610 JavaThread "Unconstrained build operations Thread 55"        [_thread_blocked, id=18472, stack(0x00000054f0f00000,0x00000054f1000000) (1024K)]
  0x0000019754ed7a90 JavaThread "Unconstrained build operations Thread 56"        [_thread_blocked, id=7816, stack(0x00000054f1000000,0x00000054f1100000) (1024K)]
  0x0000019754ed5330 JavaThread "Unconstrained build operations Thread 57"        [_thread_blocked, id=9924, stack(0x00000054f1100000,0x00000054f1200000) (1024K)]
  0x0000019754ed4ca0 JavaThread "Unconstrained build operations Thread 58"        [_thread_blocked, id=20540, stack(0x00000054f1200000,0x00000054f1300000) (1024K)]
  0x0000019754ed6050 JavaThread "Unconstrained build operations Thread 59"        [_thread_blocked, id=13712, stack(0x00000054f1300000,0x00000054f1400000) (1024K)]
  0x0000019754ed7400 JavaThread "Unconstrained build operations Thread 60"        [_thread_blocked, id=8736, stack(0x00000054f1400000,0x00000054f1500000) (1024K)]
  0x0000019754ed66e0 JavaThread "Unconstrained build operations Thread 62"        [_thread_blocked, id=21456, stack(0x00000054f1500000,0x00000054f1600000) (1024K)]
  0x0000019754ed6d70 JavaThread "Unconstrained build operations Thread 63"        [_thread_blocked, id=4152, stack(0x00000054f1600000,0x00000054f1700000) (1024K)]
  0x0000019754ed8120 JavaThread "Unconstrained build operations Thread 64"        [_thread_blocked, id=30240, stack(0x00000054f1700000,0x00000054f1800000) (1024K)]
  0x0000019754ed87b0 JavaThread "Unconstrained build operations Thread 65"        [_thread_blocked, id=21184, stack(0x00000054f1800000,0x00000054f1900000) (1024K)]
  0x0000019754ed8e40 JavaThread "Unconstrained build operations Thread 67"        [_thread_blocked, id=28188, stack(0x00000054f1900000,0x00000054f1a00000) (1024K)]
  0x0000019754ed59c0 JavaThread "Unconstrained build operations Thread 66"        [_thread_blocked, id=24184, stack(0x00000054f1a00000,0x00000054f1b00000) (1024K)]
  0x0000019754edb5a0 JavaThread "Unconstrained build operations Thread 61"        [_thread_blocked, id=26424, stack(0x00000054f1b00000,0x00000054f1c00000) (1024K)]
  0x0000019754ed94d0 JavaThread "Unconstrained build operations Thread 68"        [_thread_blocked, id=9728, stack(0x00000054f1c00000,0x00000054f1d00000) (1024K)]
  0x0000019754edbc30 JavaThread "Unconstrained build operations Thread 69"        [_thread_blocked, id=24348, stack(0x00000054f1d00000,0x00000054f1e00000) (1024K)]
  0x0000019754ed9b60 JavaThread "Unconstrained build operations Thread 70"        [_thread_blocked, id=25344, stack(0x00000054f1e00000,0x00000054f1f00000) (1024K)]
  0x0000019754eda1f0 JavaThread "Unconstrained build operations Thread 71"        [_thread_blocked, id=3532, stack(0x00000054f1f00000,0x00000054f2000000) (1024K)]
  0x0000019754eda880 JavaThread "Unconstrained build operations Thread 72"        [_thread_blocked, id=30128, stack(0x00000054f2000000,0x00000054f2100000) (1024K)]
  0x0000019754edaf10 JavaThread "Unconstrained build operations Thread 73"        [_thread_blocked, id=26820, stack(0x00000054f2100000,0x00000054f2200000) (1024K)]
  0x00000197506fcff0 JavaThread "Unconstrained build operations Thread 74"        [_thread_blocked, id=21032, stack(0x00000054f2200000,0x00000054f2300000) (1024K)]
  0x00000197506fd680 JavaThread "Unconstrained build operations Thread 76"        [_thread_blocked, id=25548, stack(0x00000054f2300000,0x00000054f2400000) (1024K)]
  0x00000197506fc960 JavaThread "Unconstrained build operations Thread 75"        [_thread_blocked, id=29944, stack(0x00000054f2400000,0x00000054f2500000) (1024K)]
  0x00000197506fa890 JavaThread "Unconstrained build operations Thread 77"        [_thread_blocked, id=5160, stack(0x00000054f2500000,0x00000054f2600000) (1024K)]
  0x00000197506fb5b0 JavaThread "Unconstrained build operations Thread 78"        [_thread_blocked, id=19644, stack(0x00000054f2600000,0x00000054f2700000) (1024K)]
  0x00000197506fa200 JavaThread "Unconstrained build operations Thread 79"        [_thread_blocked, id=22064, stack(0x00000054f2700000,0x00000054f2800000) (1024K)]
  0x00000197506fbc40 JavaThread "Unconstrained build operations Thread 80"        [_thread_blocked, id=13428, stack(0x00000054f2800000,0x00000054f2900000) (1024K)]
  0x00000197506fc2d0 JavaThread "Unconstrained build operations Thread 81"        [_thread_blocked, id=9580, stack(0x00000054f2900000,0x00000054f2a00000) (1024K)]
  0x00000197506fdd10 JavaThread "Unconstrained build operations Thread 83"        [_thread_blocked, id=20400, stack(0x00000054f2a00000,0x00000054f2b00000) (1024K)]
  0x00000197506fe3a0 JavaThread "Unconstrained build operations Thread 82"        [_thread_blocked, id=30236, stack(0x00000054f2b00000,0x00000054f2c00000) (1024K)]
  0x00000197506faf20 JavaThread "Unconstrained build operations Thread 86"        [_thread_blocked, id=28156, stack(0x00000054f2c00000,0x00000054f2d00000) (1024K)]
  0x0000019750700470 JavaThread "Unconstrained build operations Thread 85"        [_thread_blocked, id=20244, stack(0x00000054f2d00000,0x00000054f2e00000) (1024K)]
  0x00000197506ff750 JavaThread "Unconstrained build operations Thread 87"        [_thread_blocked, id=18068, stack(0x00000054f2e00000,0x00000054f2f00000) (1024K)]
  0x00000197506fea30 JavaThread "Unconstrained build operations Thread 84"        [_thread_blocked, id=3180, stack(0x00000054f2f00000,0x00000054f3000000) (1024K)]
  0x00000197506ff0c0 JavaThread "Unconstrained build operations Thread 88"        [_thread_blocked, id=28356, stack(0x00000054f3000000,0x00000054f3100000) (1024K)]
  0x00000197506ffde0 JavaThread "Unconstrained build operations Thread 89"        [_thread_blocked, id=26460, stack(0x00000054f3100000,0x00000054f3200000) (1024K)]
  0x0000019750701820 JavaThread "Unconstrained build operations Thread 90"        [_thread_blocked, id=30368, stack(0x00000054f3200000,0x00000054f3300000) (1024K)]
  0x0000019750701190 JavaThread "Unconstrained build operations Thread 91"        [_thread_blocked, id=25504, stack(0x00000054f3300000,0x00000054f3400000) (1024K)]
  0x0000019750700b00 JavaThread "Unconstrained build operations Thread 92"        [_thread_blocked, id=26716, stack(0x00000054f3400000,0x00000054f3500000) (1024K)]
  0x00000197532a8d10 JavaThread "Unconstrained build operations Thread 93"        [_thread_blocked, id=21712, stack(0x00000054f3500000,0x00000054f3600000) (1024K)]
  0x00000197532a72d0 JavaThread "Unconstrained build operations Thread 94"        [_thread_blocked, id=9840, stack(0x00000054f3600000,0x00000054f3700000) (1024K)]
  0x00000197532a65b0 JavaThread "Unconstrained build operations Thread 95"        [_thread_blocked, id=23716, stack(0x00000054f3700000,0x00000054f3800000) (1024K)]
  0x00000197532a7960 JavaThread "Unconstrained build operations Thread 96"        [_thread_blocked, id=14728, stack(0x00000054f3800000,0x00000054f3900000) (1024K)]
  0x00000197532a7ff0 JavaThread "Unconstrained build operations Thread 97"        [_thread_blocked, id=10584, stack(0x00000054f3900000,0x00000054f3a00000) (1024K)]
  0x00000197532a5890 JavaThread "Unconstrained build operations Thread 98"        [_thread_blocked, id=8876, stack(0x00000054f3a00000,0x00000054f3b00000) (1024K)]
  0x00000197532a93a0 JavaThread "Unconstrained build operations Thread 100"        [_thread_blocked, id=15940, stack(0x00000054f3b00000,0x00000054f3c00000) (1024K)]
  0x00000197532a6c40 JavaThread "Unconstrained build operations Thread 99"        [_thread_blocked, id=22344, stack(0x00000054f3c00000,0x00000054f3d00000) (1024K)]
  0x00000197532a8680 JavaThread "Unconstrained build operations Thread 101"        [_thread_blocked, id=19748, stack(0x00000054f3d00000,0x00000054f3e00000) (1024K)]
  0x00000197532a5f20 JavaThread "Unconstrained build operations Thread 102"        [_thread_blocked, id=8756, stack(0x00000054f3e00000,0x00000054f3f00000) (1024K)]
  0x00000197532ac190 JavaThread "Unconstrained build operations Thread 104"        [_thread_blocked, id=16580, stack(0x00000054f3f00000,0x00000054f4000000) (1024K)]
  0x00000197532ac820 JavaThread "Unconstrained build operations Thread 105"        [_thread_blocked, id=27464, stack(0x00000054f4000000,0x00000054f4100000) (1024K)]
  0x00000197532a9a30 JavaThread "Unconstrained build operations Thread 103"        [_thread_blocked, id=21124, stack(0x00000054f4100000,0x00000054f4200000) (1024K)]
  0x00000197532aceb0 JavaThread "Unconstrained build operations Thread 106"        [_thread_blocked, id=22228, stack(0x00000054f4200000,0x00000054f4300000) (1024K)]
  0x00000197532abb00 JavaThread "Unconstrained build operations Thread 107"        [_thread_blocked, id=15888, stack(0x00000054f4300000,0x00000054f4400000) (1024K)]
  0x00000197532aade0 JavaThread "Unconstrained build operations Thread 108"        [_thread_blocked, id=24604, stack(0x00000054f4400000,0x00000054f4500000) (1024K)]
  0x00000197532aa0c0 JavaThread "pool-2-thread-1"                   [_thread_blocked, id=19284, stack(0x00000054f4500000,0x00000054f4600000) (1024K)]
  0x00000197556d86e0 JavaThread "Unconstrained build operations Thread 109"        [_thread_in_Java, id=9632, stack(0x00000054f4600000,0x00000054f4700000) (1024K)]
  0x00000197556da120 JavaThread "Unconstrained build operations Thread 110"        [_thread_blocked, id=16632, stack(0x00000054f4700000,0x00000054f4800000) (1024K)]
  0x00000197556d9400 JavaThread "Unconstrained build operations Thread 111"        [_thread_in_Java, id=24240, stack(0x00000054f4800000,0x00000054f4900000) (1024K)]
  0x00000197556d6ca0 JavaThread "Unconstrained build operations Thread 112"        [_thread_in_Java, id=24204, stack(0x00000054f4900000,0x00000054f4a00000) (1024K)]
  0x00000197556d8050 JavaThread "Unconstrained build operations Thread 113"        [_thread_in_Java, id=15216, stack(0x00000054f4a00000,0x00000054f4b00000) (1024K)]
  0x00000197556d8d70 JavaThread "Unconstrained build operations Thread 114"        [_thread_in_Java, id=20816, stack(0x00000054f4b00000,0x00000054f4c00000) (1024K)]
  0x00000197556da7b0 JavaThread "Unconstrained build operations Thread 115"        [_thread_blocked, id=1928, stack(0x00000054f4c00000,0x00000054f4d00000) (1024K)]
  0x00000197556d7330 JavaThread "Unconstrained build operations Thread 116"        [_thread_in_Java, id=7084, stack(0x00000054f4d00000,0x00000054f4e00000) (1024K)]
  0x00000197556dae40 JavaThread "Unconstrained build operations Thread 117"        [_thread_in_Java, id=22008, stack(0x00000054f4e00000,0x00000054f4f00000) (1024K)]
  0x00000197556d79c0 JavaThread "Unconstrained build operations Thread 118"        [_thread_in_Java, id=20324, stack(0x00000054f4f00000,0x00000054f5000000) (1024K)]
  0x00000197556db4d0 JavaThread "Unconstrained build operations Thread 119"        [_thread_in_Java, id=9444, stack(0x00000054f5000000,0x00000054f5100000) (1024K)]
  0x00000197556dbb60 JavaThread "Unconstrained build operations Thread 120"        [_thread_blocked, id=23616, stack(0x00000054f5100000,0x00000054f5200000) (1024K)]
  0x00000197556dc1f0 JavaThread "Unconstrained build operations Thread 121"        [_thread_in_Java, id=29960, stack(0x00000054f5200000,0x00000054f5300000) (1024K)]
  0x00000197556dc880 JavaThread "Unconstrained build operations Thread 122"        [_thread_blocked, id=25332, stack(0x00000054f5300000,0x00000054f5400000) (1024K)]
  0x00000197556dcf10 JavaThread "Unconstrained build operations Thread 123"        [_thread_in_Java, id=22644, stack(0x00000054f5400000,0x00000054f5500000) (1024K)]
  0x00000197556d9a90 JavaThread "Unconstrained build operations Thread 124"        [_thread_blocked, id=23176, stack(0x00000054f5500000,0x00000054f5600000) (1024K)]
  0x00000197556de2c0 JavaThread "Unconstrained build operations Thread 125"        [_thread_blocked, id=23280, stack(0x00000054f5600000,0x00000054f5700000) (1024K)]
  0x00000197556dd5a0 JavaThread "Unconstrained build operations Thread 126"        [_thread_blocked, id=7104, stack(0x00000054f5700000,0x00000054f5800000) (1024K)]
  0x00000197556ddc30 JavaThread "Unconstrained build operations Thread 127"        [_thread_blocked, id=22896, stack(0x00000054f5800000,0x00000054f5900000) (1024K)]
  0x0000019754bee200 JavaThread "Unconstrained build operations Thread 128"        [_thread_blocked, id=15088, stack(0x00000054f5900000,0x00000054f5a00000) (1024K)]
  0x0000019754bedb70 JavaThread "Unconstrained build operations Thread 129"        [_thread_blocked, id=18608, stack(0x00000054f5a00000,0x00000054f5b00000) (1024K)]
  0x0000019754bee890 JavaThread "Unconstrained build operations Thread 130"        [_thread_blocked, id=13216, stack(0x00000054f5b00000,0x00000054f5c00000) (1024K)]
  0x0000019754bed4e0 JavaThread "Unconstrained build operations Thread 131"        [_thread_blocked, id=28164, stack(0x00000054f5c00000,0x00000054f5d00000) (1024K)]
  0x0000019754beb410 JavaThread "Unconstrained build operations Thread 132"        [_thread_blocked, id=26732, stack(0x00000054f5d00000,0x00000054f5e00000) (1024K)]
  0x0000019754beef20 JavaThread "Unconstrained build operations Thread 133"        [_thread_blocked, id=12564, stack(0x00000054f5e00000,0x00000054f5f00000) (1024K)]
  0x0000019754bec7c0 JavaThread "Unconstrained build operations Thread 134"        [_thread_blocked, id=1444, stack(0x00000054f5f00000,0x00000054f6000000) (1024K)]
  0x0000019754bec130 JavaThread "Unconstrained build operations Thread 135"        [_thread_blocked, id=9548, stack(0x00000054f6000000,0x00000054f6100000) (1024K)]
  0x0000019754bebaa0 JavaThread "Unconstrained build operations Thread 136"        [_thread_blocked, id=26720, stack(0x00000054f6100000,0x00000054f6200000) (1024K)]
  0x0000019754bef5b0 JavaThread "Unconstrained build operations Thread 137"        [_thread_blocked, id=22804, stack(0x00000054f6200000,0x00000054f6300000) (1024K)]
  0x0000019754befc40 JavaThread "Unconstrained build operations Thread 138"        [_thread_blocked, id=13780, stack(0x00000054f6300000,0x00000054f6400000) (1024K)]
  0x0000019754bf02d0 JavaThread "WorkerExecutor Queue"              [_thread_blocked, id=19260, stack(0x00000054f6400000,0x00000054f6500000) (1024K)]
  0x0000019754bece50 JavaThread "WorkerExecutor Queue Thread 2"        [_thread_blocked, id=13152, stack(0x00000054f6500000,0x00000054f6600000) (1024K)]
  0x0000019754bf3750 JavaThread "WorkerExecutor Queue Thread 3"        [_thread_blocked, id=3656, stack(0x00000054f6600000,0x00000054f6700000) (1024K)]
  0x0000019754bf23a0 JavaThread "WorkerExecutor Queue Thread 4"        [_thread_blocked, id=13288, stack(0x00000054f6700000,0x00000054f6800000) (1024K)]
  0x0000019754bf0960 JavaThread "WorkerExecutor Queue Thread 5"        [_thread_blocked, id=19068, stack(0x00000054f6800000,0x00000054f6900000) (1024K)]
  0x0000019754bf1d10 JavaThread "WorkerExecutor Queue Thread 6"        [_thread_blocked, id=20756, stack(0x00000054f6900000,0x00000054f6a00000) (1024K)]
  0x0000019754bf2a30 JavaThread "WorkerExecutor Queue Thread 7"        [_thread_blocked, id=24384, stack(0x00000054f6a00000,0x00000054f6b00000) (1024K)]
  0x0000019754bf30c0 JavaThread "WorkerExecutor Queue Thread 8"        [_thread_blocked, id=16948, stack(0x00000054f6b00000,0x00000054f6c00000) (1024K)]
  0x0000019754bf3de0 JavaThread "WorkerExecutor Queue Thread 9"        [_thread_blocked, id=13552, stack(0x00000054f6c00000,0x00000054f6d00000) (1024K)]
  0x0000019754bf0ff0 JavaThread "WorkerExecutor Queue Thread 10"        [_thread_blocked, id=30124, stack(0x00000054f6d00000,0x00000054f6e00000) (1024K)]
  0x0000019754bf4470 JavaThread "WorkerExecutor Queue Thread 11"        [_thread_blocked, id=27764, stack(0x00000054f6e00000,0x00000054f6f00000) (1024K)]
  0x0000019754bf4b00 JavaThread "WorkerExecutor Queue Thread 12"        [_thread_blocked, id=16512, stack(0x00000054f6f00000,0x00000054f7000000) (1024K)]
  0x0000019754bf1680 JavaThread "WorkerExecutor Queue Thread 13"        [_thread_blocked, id=2312, stack(0x00000054f7000000,0x00000054f7100000) (1024K)]
  0x0000019754bf5190 JavaThread "WorkerExecutor Queue Thread 14"        [_thread_blocked, id=30160, stack(0x00000054f7100000,0x00000054f7200000) (1024K)]
  0x0000019754bf78f0 JavaThread "WorkerExecutor Queue Thread 15"        [_thread_blocked, id=516, stack(0x00000054f7200000,0x00000054f7300000) (1024K)]
  0x0000019754bf8ca0 JavaThread "WorkerExecutor Queue Thread 16"        [_thread_blocked, id=25716, stack(0x00000054f7300000,0x00000054f7400000) (1024K)]
Total: 214

Other Threads:
  0x0000019745c087e0 VMThread "VM Thread"                           [id=24128, stack(0x00000054e9200000,0x00000054e9300000) (1024K)]
  0x0000019745bfca00 WatcherThread "VM Periodic Task Thread"        [id=9964, stack(0x00000054e9100000,0x00000054e9200000) (1024K)]
  0x000001972a1a1000 WorkerThread "GC Thread#0"                     [id=17396, stack(0x00000054e9000000,0x00000054e9100000) (1024K)]
  0x000001974d9a75a0 WorkerThread "GC Thread#1"                     [id=10580, stack(0x00000054ea300000,0x00000054ea400000) (1024K)]
  0x000001974d9a7940 WorkerThread "GC Thread#2"                     [id=13748, stack(0x00000054ea400000,0x00000054ea500000) (1024K)]
  0x000001974d9a7ce0 WorkerThread "GC Thread#3"                     [id=20748, stack(0x00000054ea500000,0x00000054ea600000) (1024K)]
  0x000001974d9a8080 WorkerThread "GC Thread#4"                     [id=28116, stack(0x00000054ea600000,0x00000054ea700000) (1024K)]
  0x000001974e51fdb0 WorkerThread "GC Thread#5"                     [id=21368, stack(0x00000054ea200000,0x00000054ea300000) (1024K)]
  0x000001974e520150 WorkerThread "GC Thread#6"                     [id=18940, stack(0x00000054ea700000,0x00000054ea800000) (1024K)]
  0x000001974e5204f0 WorkerThread "GC Thread#7"                     [id=27852, stack(0x00000054ea800000,0x00000054ea900000) (1024K)]
  0x000001974e548a40 WorkerThread "GC Thread#8"                     [id=16452, stack(0x00000054ea900000,0x00000054eaa00000) (1024K)]
  0x000001974e547480 WorkerThread "GC Thread#9"                     [id=8904, stack(0x00000054eb400000,0x00000054eb500000) (1024K)]
  0x000001974e548300 WorkerThread "GC Thread#10"                    [id=27800, stack(0x00000054eb500000,0x00000054eb600000) (1024K)]
  0x000001974e547820 WorkerThread "GC Thread#11"                    [id=22740, stack(0x00000054eb600000,0x00000054eb700000) (1024K)]
  0x000001974e547bc0 WorkerThread "GC Thread#12"                    [id=22940, stack(0x00000054eb700000,0x00000054eb800000) (1024K)]
Total: 15

Threads with active compile tasks:
C2 CompilerThread0  15254 16936       4       com.android.tools.r8.graph.V0::a (439 bytes)
C1 CompilerThread2  15254 17169       2       com.android.tools.r8.internal.AI::k (150 bytes)
C2 CompilerThread1  15254 16755 %     4       com.android.tools.r8.internal.wB::a @ 585 (3928 bytes)
C2 CompilerThread2  15254 17120 %     4       com.android.tools.r8.internal.rT::b @ 443 (2119 bytes)
C2 CompilerThread3  15254 17075       4       com.android.tools.r8.internal.rT::a (3042 bytes)
C2 CompilerThread4  15254 16288 %     4       com.android.tools.r8.internal.rT::a @ 679 (2024 bytes)
Total: 6

VM state: not at safepoint (normal execution)

VM Mutex/Monitor currently owned by a thread: None

Heap address: 0x0000000700000000, size: 4096 MB, Compressed Oops mode: Zero based, Oop shift amount: 3

CDS archive(s) not mapped
Compressed class space mapped at: 0x0000000800000000-0x0000000840000000, reserved size: 1073741824
Narrow klass base: 0x0000000800000000, Narrow klass shift: 0, Narrow klass range: 0x40000000

GC Precious Log:
 CardTable entry size: 512
 CPUs: 16 total, 16 available
 Memory: 16051M
 Large Page Support: Disabled
 NUMA Support: Disabled
 Compressed Oops: Enabled (Zero based)
 Alignments: Space 512K, Generation 512K, Heap 2M
 Heap Min Capacity: 8M
 Heap Initial Capacity: 252M
 Heap Max Capacity: 4G
 Pre-touch: Disabled
 Parallel Workers: 13

Heap:
 PSYoungGen      total 583680K, used 162493K [0x00000007aab00000, 0x00000007dc700000, 0x0000000800000000)
  eden space 500736K, 31% used [0x00000007aab00000,0x00000007b45721c8,0x00000007c9400000)
  from space 82944K, 5% used [0x00000007c9400000,0x00000007c983d5f0,0x00000007ce500000)
  to   space 81920K, 0% used [0x00000007d7700000,0x00000007d7700000,0x00000007dc700000)
 ParOldGen       total 431104K, used 430599K [0x0000000700000000, 0x000000071a500000, 0x00000007aab00000)
  object space 431104K, 99% used [0x0000000700000000,0x000000071a481fd0,0x000000071a500000)
 Metaspace       used 102744K, committed 104384K, reserved 1179648K
  class space    used 14402K, committed 15232K, reserved 1048576K

Card table byte_map: [0x000001973c5b0000,0x000001973cdc0000] _byte_map_base: 0x0000019738db0000

Marking Bits: (ParMarkBitMap*) 0x00007ffca5c9d520
 Begin Bits: [0x000001973d320000, 0x0000019741320000)
 End Bits:   [0x0000019741320000, 0x0000019745320000)

Polling page: 0x0000019728920000

Metaspace:

Usage:
  Non-class:     86.27 MB used.
      Class:     14.06 MB used.
       Both:    100.34 MB used.

Virtual space:
  Non-class space:      128.00 MB reserved,      87.06 MB ( 68%) committed,  2 nodes.
      Class space:        1.00 GB reserved,      14.88 MB (  1%) committed,  1 nodes.
             Both:        1.12 GB reserved,     101.94 MB (  9%) committed. 

Chunk freelists:
   Non-Class:  8.95 MB
       Class:  1.02 MB
        Both:  9.97 MB

MaxMetaspaceSize: unlimited
CompressedClassSpaceSize: 1.00 GB
Initial GC threshold: 21.00 MB
Current GC threshold: 162.19 MB
CDS: off
 - commit_granule_bytes: 65536.
 - commit_granule_words: 8192.
 - virtual_space_node_default_size: 8388608.
 - enlarge_chunks_in_place: 1.
 - use_allocation_guard: 0.


Internal statistics:

num_allocs_failed_limit: 14.
num_arena_births: 3584.
num_arena_deaths: 120.
num_vsnodes_births: 3.
num_vsnodes_deaths: 0.
num_space_committed: 1630.
num_space_uncommitted: 0.
num_chunks_returned_to_freelist: 186.
num_chunks_taken_from_freelist: 8325.
num_chunk_merges: 78.
num_chunk_splits: 5065.
num_chunks_enlarged: 2838.
num_inconsistent_stats: 0.

CodeHeap 'non-profiled nmethods': size=119168Kb used=11611Kb max_used=11611Kb free=107557Kb
 bounds [0x0000019734f70000, 0x0000019735ad0000, 0x000001973c3d0000]
CodeHeap 'profiled nmethods': size=119104Kb used=35637Kb max_used=35637Kb free=83466Kb
 bounds [0x000001972d3d0000, 0x000001972f6a0000, 0x0000019734820000]
CodeHeap 'non-nmethods': size=7488Kb used=3431Kb max_used=3548Kb free=4056Kb
 bounds [0x0000019734820000, 0x0000019734bb0000, 0x0000019734f70000]
CodeCache: size=245760Kb, used=50679Kb, max_used=50796Kb, free=195079Kb
 total_blobs=16600, nmethods=15799, adapters=703, full_count=0
Compilation: enabled, stopped_count=0, restarted_count=0

Compilation events (20 events):
Event: 15.107 Thread 0x000001974b06c6e0 17154       3       com.android.tools.r8.internal.ua::a (183 bytes)
Event: 15.107 Thread 0x000001974b2229c0 nmethod 17152 0x000001972f693290 code [0x000001972f6934e0, 0x000001972f693dc0]
Event: 15.108 Thread 0x000001974b06c6e0 nmethod 17154 0x000001972f694190 code [0x000001972f694460, 0x000001972f694d68]
Event: 15.118 Thread 0x000001974b223720 17155       3       com.android.tools.r8.internal.cI::<init> (23 bytes)
Event: 15.118 Thread 0x000001974b223070 17156       1       com.android.tools.r8.graph.G2::r0 (5 bytes)
Event: 15.118 Thread 0x000001974b223720 nmethod 17155 0x000001972f695210 code [0x000001972f6953e0, 0x000001972f6957d8]
Event: 15.118 Thread 0x000001974b223070 nmethod 17156 0x0000019735ac6910 code [0x0000019735ac6aa0, 0x0000019735ac6b70]
Event: 15.126 Thread 0x000001974b223720 17160       2       com.android.tools.r8.internal.IE::a (231 bytes)
Event: 15.126 Thread 0x000001974b223070 17161       2       com.android.tools.r8.internal.cq::<init> (8 bytes)
Event: 15.126 Thread 0x000001974b223070 nmethod 17161 0x000001972f695990 code [0x000001972f695b40, 0x000001972f695c60]
Event: 15.127 Thread 0x000001974b223720 nmethod 17160 0x000001972f695d10 code [0x000001972f695f80, 0x000001972f696948]
Event: 15.128 Thread 0x000001974b06c6e0 17162       3       com.android.tools.r8.internal.zb::a (13 bytes)
Event: 15.128 Thread 0x000001974b06c6e0 nmethod 17162 0x000001972f697090 code [0x000001972f697240, 0x000001972f6974e0]
Event: 15.128 Thread 0x000001974b2229c0 17163       3       com.android.tools.r8.internal.zb::a (40 bytes)
Event: 15.128 Thread 0x000001974b223070 17164       3       com.android.tools.r8.internal.wB::a (50 bytes)
Event: 15.128 Thread 0x000001974b223720 17165       3       com.android.tools.r8.internal.rq0::a (15 bytes)
Event: 15.128 Thread 0x000001974b06c6e0 17166       3       com.android.tools.r8.internal.kX::a (515 bytes)
Event: 15.128 Thread 0x000001974b2229c0 nmethod 17163 0x000001972f697610 code [0x000001972f697800, 0x000001972f697cc0]
Event: 15.128 Thread 0x000001974b223720 nmethod 17165 0x000001972f697f10 code [0x000001972f6980c0, 0x000001972f698310]
Event: 15.129 Thread 0x000001974b223070 nmethod 17164 0x000001972f698410 code [0x000001972f698640, 0x000001972f698cb8]

GC Heap History (20 events):
Event: 10.843 GC heap before
{Heap before GC invocations=22 (full 3):
 PSYoungGen      total 246784K, used 229616K [0x00000007aab00000, 0x00000007bd180000, 0x0000000800000000)
  eden space 198144K, 100% used [0x00000007aab00000,0x00000007b6c80000,0x00000007b6c80000)
  from space 48640K, 64% used [0x00000007b9e00000,0x00000007bbcbc1e0,0x00000007bcd80000)
  to   space 50688K, 0% used [0x00000007b6c80000,0x00000007b6c80000,0x00000007b9e00000)
 ParOldGen       total 172032K, used 152451K [0x0000000700000000, 0x000000070a800000, 0x00000007aab00000)
  object space 172032K, 88% used [0x0000000700000000,0x00000007094e0c20,0x000000070a800000)
 Metaspace       used 90098K, committed 91840K, reserved 1179648K
  class space    used 12544K, committed 13440K, reserved 1048576K
}
Event: 10.876 GC heap after
{Heap after GC invocations=22 (full 3):
 PSYoungGen      total 248832K, used 36986K [0x00000007aab00000, 0x00000007c2400000, 0x0000000800000000)
  eden space 198144K, 0% used [0x00000007aab00000,0x00000007aab00000,0x00000007b6c80000)
  from space 50688K, 72% used [0x00000007b6c80000,0x00000007b909e8d8,0x00000007b9e00000)
  to   space 54272K, 0% used [0x00000007bef00000,0x00000007bef00000,0x00000007c2400000)
 ParOldGen       total 182784K, used 182711K [0x0000000700000000, 0x000000070b280000, 0x00000007aab00000)
  object space 182784K, 99% used [0x0000000700000000,0x000000070b26dff0,0x000000070b280000)
 Metaspace       used 90098K, committed 91840K, reserved 1179648K
  class space    used 12544K, committed 13440K, reserved 1048576K
}
Event: 11.184 GC heap before
{Heap before GC invocations=23 (full 3):
 PSYoungGen      total 248832K, used 235130K [0x00000007aab00000, 0x00000007c2400000, 0x0000000800000000)
  eden space 198144K, 100% used [0x00000007aab00000,0x00000007b6c80000,0x00000007b6c80000)
  from space 50688K, 72% used [0x00000007b6c80000,0x00000007b909e8d8,0x00000007b9e00000)
  to   space 54272K, 0% used [0x00000007bef00000,0x00000007bef00000,0x00000007c2400000)
 ParOldGen       total 182784K, used 182711K [0x0000000700000000, 0x000000070b280000, 0x00000007aab00000)
  object space 182784K, 99% used [0x0000000700000000,0x000000070b26dff0,0x000000070b280000)
 Metaspace       used 90450K, committed 92096K, reserved 1179648K
  class space    used 12586K, committed 13440K, reserved 1048576K
}
Event: 11.227 GC heap after
{Heap after GC invocations=23 (full 3):
 PSYoungGen      total 325632K, used 47024K [0x00000007aab00000, 0x00000007c3000000, 0x0000000800000000)
  eden space 271360K, 0% used [0x00000007aab00000,0x00000007aab00000,0x00000007bb400000)
  from space 54272K, 86% used [0x00000007bef00000,0x00000007c1cec160,0x00000007c2400000)
  to   space 60416K, 0% used [0x00000007bb400000,0x00000007bb400000,0x00000007bef00000)
 ParOldGen       total 219648K, used 219223K [0x0000000700000000, 0x000000070d680000, 0x00000007aab00000)
  object space 219648K, 99% used [0x0000000700000000,0x000000070d615e98,0x000000070d680000)
 Metaspace       used 90450K, committed 92096K, reserved 1179648K
  class space    used 12586K, committed 13440K, reserved 1048576K
}
Event: 11.780 GC heap before
{Heap before GC invocations=24 (full 3):
 PSYoungGen      total 325632K, used 318384K [0x00000007aab00000, 0x00000007c3000000, 0x0000000800000000)
  eden space 271360K, 100% used [0x00000007aab00000,0x00000007bb400000,0x00000007bb400000)
  from space 54272K, 86% used [0x00000007bef00000,0x00000007c1cec160,0x00000007c2400000)
  to   space 60416K, 0% used [0x00000007bb400000,0x00000007bb400000,0x00000007bef00000)
 ParOldGen       total 219648K, used 219223K [0x0000000700000000, 0x000000070d680000, 0x00000007aab00000)
  object space 219648K, 99% used [0x0000000700000000,0x000000070d615e98,0x000000070d680000)
 Metaspace       used 93065K, committed 94720K, reserved 1179648K
  class space    used 13032K, committed 13888K, reserved 1048576K
}
Event: 11.859 GC heap after
{Heap after GC invocations=24 (full 3):
 PSYoungGen      total 331776K, used 60411K [0x00000007aab00000, 0x00000007ccc00000, 0x0000000800000000)
  eden space 271360K, 0% used [0x00000007aab00000,0x00000007aab00000,0x00000007bb400000)
  from space 60416K, 99% used [0x00000007bb400000,0x00000007beefec88,0x00000007bef00000)
  to   space 89088K, 0% used [0x00000007c7500000,0x00000007c7500000,0x00000007ccc00000)
 ParOldGen       total 269824K, used 269773K [0x0000000700000000, 0x0000000710780000, 0x00000007aab00000)
  object space 269824K, 99% used [0x0000000700000000,0x00000007107735c8,0x0000000710780000)
 Metaspace       used 93065K, committed 94720K, reserved 1179648K
  class space    used 13032K, committed 13888K, reserved 1048576K
}
Event: 12.189 GC heap before
{Heap before GC invocations=25 (full 3):
 PSYoungGen      total 331776K, used 331771K [0x00000007aab00000, 0x00000007ccc00000, 0x0000000800000000)
  eden space 271360K, 100% used [0x00000007aab00000,0x00000007bb400000,0x00000007bb400000)
  from space 60416K, 99% used [0x00000007bb400000,0x00000007beefec88,0x00000007bef00000)
  to   space 89088K, 0% used [0x00000007c7500000,0x00000007c7500000,0x00000007ccc00000)
 ParOldGen       total 269824K, used 269773K [0x0000000700000000, 0x0000000710780000, 0x00000007aab00000)
  object space 269824K, 99% used [0x0000000700000000,0x00000007107735c8,0x0000000710780000)
 Metaspace       used 94857K, committed 96576K, reserved 1179648K
  class space    used 13322K, committed 14208K, reserved 1048576K
}
Event: 12.255 GC heap after
{Heap after GC invocations=25 (full 3):
 PSYoungGen      total 465408K, used 58379K [0x00000007aab00000, 0x00000007cd300000, 0x0000000800000000)
  eden space 376320K, 0% used [0x00000007aab00000,0x00000007aab00000,0x00000007c1a80000)
  from space 89088K, 65% used [0x00000007c7500000,0x00000007cae02f80,0x00000007ccc00000)
  to   space 92672K, 0% used [0x00000007c1a80000,0x00000007c1a80000,0x00000007c7500000)
 ParOldGen       total 330240K, used 329922K [0x0000000700000000, 0x0000000714280000, 0x00000007aab00000)
  object space 330240K, 99% used [0x0000000700000000,0x0000000714230a90,0x0000000714280000)
 Metaspace       used 94857K, committed 96576K, reserved 1179648K
  class space    used 13322K, committed 14208K, reserved 1048576K
}
Event: 12.522 GC heap before
{Heap before GC invocations=26 (full 3):
 PSYoungGen      total 465408K, used 163217K [0x00000007aab00000, 0x00000007cd300000, 0x0000000800000000)
  eden space 376320K, 27% used [0x00000007aab00000,0x00000007b11614c0,0x00000007c1a80000)
  from space 89088K, 65% used [0x00000007c7500000,0x00000007cae02f80,0x00000007ccc00000)
  to   space 92672K, 0% used [0x00000007c1a80000,0x00000007c1a80000,0x00000007c7500000)
 ParOldGen       total 330240K, used 329922K [0x0000000700000000, 0x0000000714280000, 0x00000007aab00000)
  object space 330240K, 99% used [0x0000000700000000,0x0000000714230a90,0x0000000714280000)
 Metaspace       used 97991K, committed 99648K, reserved 1179648K
  class space    used 13900K, committed 14720K, reserved 1048576K
}
Event: 12.564 GC heap after
{Heap after GC invocations=26 (full 3):
 PSYoungGen      total 468992K, used 17713K [0x00000007aab00000, 0x00000007cce00000, 0x0000000800000000)
  eden space 376320K, 0% used [0x00000007aab00000,0x00000007aab00000,0x00000007c1a80000)
  from space 92672K, 19% used [0x00000007c1a80000,0x00000007c2bcc6c8,0x00000007c7500000)
  to   space 90112K, 0% used [0x00000007c7600000,0x00000007c7600000,0x00000007cce00000)
 ParOldGen       total 388096K, used 387971K [0x0000000700000000, 0x0000000717b00000, 0x00000007aab00000)
  object space 388096K, 99% used [0x0000000700000000,0x0000000717ae0fa0,0x0000000717b00000)
 Metaspace       used 97991K, committed 99648K, reserved 1179648K
  class space    used 13900K, committed 14720K, reserved 1048576K
}
Event: 12.564 GC heap before
{Heap before GC invocations=27 (full 4):
 PSYoungGen      total 468992K, used 17713K [0x00000007aab00000, 0x00000007cce00000, 0x0000000800000000)
  eden space 376320K, 0% used [0x00000007aab00000,0x00000007aab00000,0x00000007c1a80000)
  from space 92672K, 19% used [0x00000007c1a80000,0x00000007c2bcc6c8,0x00000007c7500000)
  to   space 90112K, 0% used [0x00000007c7600000,0x00000007c7600000,0x00000007cce00000)
 ParOldGen       total 388096K, used 387971K [0x0000000700000000, 0x0000000717b00000, 0x00000007aab00000)
  object space 388096K, 99% used [0x0000000700000000,0x0000000717ae0fa0,0x0000000717b00000)
 Metaspace       used 97991K, committed 99648K, reserved 1179648K
  class space    used 13900K, committed 14720K, reserved 1048576K
}
Event: 12.938 GC heap after
{Heap after GC invocations=27 (full 4):
 PSYoungGen      total 468992K, used 4471K [0x00000007aab00000, 0x00000007cce00000, 0x0000000800000000)
  eden space 376320K, 0% used [0x00000007aab00000,0x00000007aab00000,0x00000007c1a80000)
  from space 92672K, 4% used [0x00000007c1a80000,0x00000007c1edddc8,0x00000007c7500000)
  to   space 90112K, 0% used [0x00000007c7600000,0x00000007c7600000,0x00000007cce00000)
 ParOldGen       total 388096K, used 387712K [0x0000000700000000, 0x0000000717b00000, 0x00000007aab00000)
  object space 388096K, 99% used [0x0000000700000000,0x0000000717aa0368,0x0000000717b00000)
 Metaspace       used 97884K, committed 99648K, reserved 1179648K
  class space    used 13866K, committed 14720K, reserved 1048576K
}
Event: 13.777 GC heap before
{Heap before GC invocations=28 (full 4):
 PSYoungGen      total 468992K, used 380791K [0x00000007aab00000, 0x00000007cce00000, 0x0000000800000000)
  eden space 376320K, 100% used [0x00000007aab00000,0x00000007c1a80000,0x00000007c1a80000)
  from space 92672K, 4% used [0x00000007c1a80000,0x00000007c1edddc8,0x00000007c7500000)
  to   space 90112K, 0% used [0x00000007c7600000,0x00000007c7600000,0x00000007cce00000)
 ParOldGen       total 388096K, used 387712K [0x0000000700000000, 0x0000000717b00000, 0x00000007aab00000)
  object space 388096K, 99% used [0x0000000700000000,0x0000000717aa0368,0x0000000717b00000)
 Metaspace       used 101840K, committed 103552K, reserved 1179648K
  class space    used 14338K, committed 15168K, reserved 1048576K
}
Event: 13.834 GC heap after
{Heap after GC invocations=28 (full 4):
 PSYoungGen      total 475136K, used 34501K [0x00000007aab00000, 0x00000007d5380000, 0x0000000800000000)
  eden space 385024K, 0% used [0x00000007aab00000,0x00000007aab00000,0x00000007c2300000)
  from space 90112K, 38% used [0x00000007c7600000,0x00000007c97b16c8,0x00000007cce00000)
  to   space 84992K, 0% used [0x00000007c2300000,0x00000007c2300000,0x00000007c7600000)
 ParOldGen       total 392192K, used 391775K [0x0000000700000000, 0x0000000717f00000, 0x00000007aab00000)
  object space 392192K, 99% used [0x0000000700000000,0x0000000717e97c28,0x0000000717f00000)
 Metaspace       used 101840K, committed 103552K, reserved 1179648K
  class space    used 14338K, committed 15168K, reserved 1048576K
}
Event: 14.258 GC heap before
{Heap before GC invocations=29 (full 4):
 PSYoungGen      total 475136K, used 419525K [0x00000007aab00000, 0x00000007d5380000, 0x0000000800000000)
  eden space 385024K, 100% used [0x00000007aab00000,0x00000007c2300000,0x00000007c2300000)
  from space 90112K, 38% used [0x00000007c7600000,0x00000007c97b16c8,0x00000007cce00000)
  to   space 84992K, 0% used [0x00000007c2300000,0x00000007c2300000,0x00000007c7600000)
 ParOldGen       total 392192K, used 391775K [0x0000000700000000, 0x0000000717f00000, 0x00000007aab00000)
  object space 392192K, 99% used [0x0000000700000000,0x0000000717e97c28,0x0000000717f00000)
 Metaspace       used 102306K, committed 104064K, reserved 1179648K
  class space    used 14376K, committed 15232K, reserved 1048576K
}
Event: 14.282 GC heap after
{Heap after GC invocations=29 (full 4):
 PSYoungGen      total 470016K, used 8679K [0x00000007aab00000, 0x00000007d3800000, 0x0000000800000000)
  eden space 385024K, 0% used [0x00000007aab00000,0x00000007aab00000,0x00000007c2300000)
  from space 84992K, 10% used [0x00000007c2300000,0x00000007c2b79de8,0x00000007c7600000)
  to   space 83968K, 0% used [0x00000007ce600000,0x00000007ce600000,0x00000007d3800000)
 ParOldGen       total 421376K, used 421063K [0x0000000700000000, 0x0000000719b80000, 0x00000007aab00000)
  object space 421376K, 99% used [0x0000000700000000,0x0000000719b31f90,0x0000000719b80000)
 Metaspace       used 102306K, committed 104064K, reserved 1179648K
  class space    used 14376K, committed 15232K, reserved 1048576K
}
Event: 14.648 GC heap before
{Heap before GC invocations=30 (full 4):
 PSYoungGen      total 470016K, used 393703K [0x00000007aab00000, 0x00000007d3800000, 0x0000000800000000)
  eden space 385024K, 100% used [0x00000007aab00000,0x00000007c2300000,0x00000007c2300000)
  from space 84992K, 10% used [0x00000007c2300000,0x00000007c2b79de8,0x00000007c7600000)
  to   space 83968K, 0% used [0x00000007ce600000,0x00000007ce600000,0x00000007d3800000)
 ParOldGen       total 421376K, used 421063K [0x0000000700000000, 0x0000000719b80000, 0x00000007aab00000)
  object space 421376K, 99% used [0x0000000700000000,0x0000000719b31f90,0x0000000719b80000)
 Metaspace       used 102559K, committed 104192K, reserved 1179648K
  class space    used 14393K, committed 15232K, reserved 1048576K
}
Event: 14.655 GC heap after
{Heap after GC invocations=30 (full 4):
 PSYoungGen      total 582656K, used 5472K [0x00000007aab00000, 0x00000007d3600000, 0x0000000800000000)
  eden space 500736K, 0% used [0x00000007aab00000,0x00000007aab00000,0x00000007c9400000)
  from space 81920K, 6% used [0x00000007ce600000,0x00000007ceb58010,0x00000007d3600000)
  to   space 82944K, 0% used [0x00000007c9400000,0x00000007c9400000,0x00000007ce500000)
 ParOldGen       total 429056K, used 428671K [0x0000000700000000, 0x000000071a300000, 0x00000007aab00000)
  object space 429056K, 99% used [0x0000000700000000,0x000000071a29ffc0,0x000000071a300000)
 Metaspace       used 102559K, committed 104192K, reserved 1179648K
  class space    used 14393K, committed 15232K, reserved 1048576K
}
Event: 15.087 GC heap before
{Heap before GC invocations=31 (full 4):
 PSYoungGen      total 582656K, used 506208K [0x00000007aab00000, 0x00000007d3600000, 0x0000000800000000)
  eden space 500736K, 100% used [0x00000007aab00000,0x00000007c9400000,0x00000007c9400000)
  from space 81920K, 6% used [0x00000007ce600000,0x00000007ceb58010,0x00000007d3600000)
  to   space 82944K, 0% used [0x00000007c9400000,0x00000007c9400000,0x00000007ce500000)
 ParOldGen       total 429056K, used 428671K [0x0000000700000000, 0x000000071a300000, 0x00000007aab00000)
  object space 429056K, 99% used [0x0000000700000000,0x000000071a29ffc0,0x000000071a300000)
 Metaspace       used 102725K, committed 104384K, reserved 1179648K
  class space    used 14401K, committed 15232K, reserved 1048576K
}
Event: 15.093 GC heap after
{Heap after GC invocations=31 (full 4):
 PSYoungGen      total 583680K, used 4341K [0x00000007aab00000, 0x00000007dc700000, 0x0000000800000000)
  eden space 500736K, 0% used [0x00000007aab00000,0x00000007aab00000,0x00000007c9400000)
  from space 82944K, 5% used [0x00000007c9400000,0x00000007c983d5f0,0x00000007ce500000)
  to   space 81920K, 0% used [0x00000007d7700000,0x00000007d7700000,0x00000007dc700000)
 ParOldGen       total 431104K, used 430599K [0x0000000700000000, 0x000000071a500000, 0x00000007aab00000)
  object space 431104K, 99% used [0x0000000700000000,0x000000071a481fd0,0x000000071a500000)
 Metaspace       used 102725K, committed 104384K, reserved 1179648K
  class space    used 14401K, committed 15232K, reserved 1048576K
}

Dll operation events (3 events):
Event: 0.009 Loaded shared library D:\Program Files\Android\Android Studio\jbr\bin\java.dll
Event: 0.013 Loaded shared library D:\Program Files\Android\Android Studio\jbr\bin\zip.dll
Event: 0.752 Loaded shared library D:\Program Files\Android\Android Studio\jbr\bin\verify.dll

Deoptimization events (20 events):
Event: 15.057 Thread 0x000001974dc08710 Uncommon trap: reason=class_check action=maybe_recompile pc=0x00000197359f4904 method=com.android.tools.r8.ir.optimize.F.a(Ljava/util/Queue;Lcom/android/tools/r8/internal/BB;Lcom/android/tools/r8/internal/Z5;Lcom/android/tools/r8/ir/optimize/a;Lcom/androi
Event: 15.057 Thread 0x000001974dc08710 DEOPT PACKING pc=0x00000197359f4904 sp=0x00000054ed3f69f0
Event: 15.057 Thread 0x000001974dc08710 DEOPT UNPACKING pc=0x0000019734873aa2 sp=0x00000054ed3f69e0 mode 2
Event: 15.057 Thread 0x000001974dc08710 Uncommon trap: trap_request=0xffffffde fr.pc=0x00000197359f4904 relative=0x00000000000027c4
Event: 15.057 Thread 0x000001974dc08710 Uncommon trap: reason=class_check action=maybe_recompile pc=0x00000197359f4904 method=com.android.tools.r8.ir.optimize.F.a(Ljava/util/Queue;Lcom/android/tools/r8/internal/BB;Lcom/android/tools/r8/internal/Z5;Lcom/android/tools/r8/ir/optimize/a;Lcom/androi
Event: 15.057 Thread 0x000001974dc08710 DEOPT PACKING pc=0x00000197359f4904 sp=0x00000054ed3f69f0
Event: 15.057 Thread 0x000001974dc08710 DEOPT UNPACKING pc=0x0000019734873aa2 sp=0x00000054ed3f69e0 mode 2
Event: 15.074 Thread 0x000001974dc0bb90 Uncommon trap: trap_request=0xffffff45 fr.pc=0x000001973528a470 relative=0x0000000000000330
Event: 15.074 Thread 0x000001974dc0bb90 Uncommon trap: reason=unstable_if action=reinterpret pc=0x000001973528a470 method=java.lang.String.indexOf([BBILjava/lang/String;I)I @ 22 c2
Event: 15.074 Thread 0x000001974dc0bb90 DEOPT PACKING pc=0x000001973528a470 sp=0x00000054ed2fa3b0
Event: 15.074 Thread 0x000001974dc0bb90 DEOPT UNPACKING pc=0x0000019734873aa2 sp=0x00000054ed2fa2c0 mode 2
Event: 15.083 Thread 0x000001974dc08710 DEOPT PACKING pc=0x000001972ee55b21 sp=0x00000054ed3f6000
Event: 15.083 Thread 0x000001974dc08710 DEOPT UNPACKING pc=0x0000019734874242 sp=0x00000054ed3f56f0 mode 0
Event: 15.098 Thread 0x000001974dc08710 DEOPT PACKING pc=0x000001972ee55b21 sp=0x00000054ed3f6000
Event: 15.098 Thread 0x000001974dc08710 DEOPT UNPACKING pc=0x0000019734874242 sp=0x00000054ed3f56f0 mode 0
Event: 15.101 Thread 0x000001974dc08710 DEOPT PACKING pc=0x000001972ee55b21 sp=0x00000054ed3f6000
Event: 15.101 Thread 0x000001974dc08710 DEOPT UNPACKING pc=0x0000019734874242 sp=0x00000054ed3f56f0 mode 0
Event: 15.106 Thread 0x00000197556d8050 DEOPT PACKING pc=0x000001972ee55b21 sp=0x00000054f4af8a30
Event: 15.106 Thread 0x00000197556d8050 DEOPT UNPACKING pc=0x0000019734874242 sp=0x00000054f4af8120 mode 0
Event: 15.131 Thread 0x00000197556d8d70 DEOPT PACKING pc=0x000001972ee55b21 sp=0x00000054f4bf9140

Classes loaded (20 events):
Event: 12.514 Loading class java/util/stream/Node$Builder$OfInt done
Event: 12.514 Loading class java/util/stream/Nodes$IntArrayNode
Event: 12.514 Loading class java/util/stream/Nodes$IntArrayNode done
Event: 12.519 Loading class java/util/stream/Nodes$IntFixedNodeBuilder done
Event: 12.995 Loading class java/io/FileReader
Event: 12.995 Loading class java/io/FileReader done
Event: 13.011 Loading class java/util/concurrent/ConcurrentLinkedDeque
Event: 13.012 Loading class java/util/concurrent/ConcurrentLinkedDeque done
Event: 13.012 Loading class java/util/concurrent/ConcurrentLinkedDeque$Node
Event: 13.013 Loading class java/util/concurrent/ConcurrentLinkedDeque$Node done
Event: 13.253 Loading class com/sun/org/apache/xerces/internal/dom/DOMImplementationImpl
Event: 13.254 Loading class org/w3c/dom/DOMImplementation
Event: 13.255 Loading class org/w3c/dom/DOMImplementation done
Event: 13.255 Loading class com/sun/org/apache/xerces/internal/dom/CoreDOMImplementationImpl
Event: 13.255 Loading class org/w3c/dom/ls/DOMImplementationLS
Event: 13.255 Loading class org/w3c/dom/ls/DOMImplementationLS done
Event: 13.255 Loading class com/sun/org/apache/xerces/internal/dom/CoreDOMImplementationImpl done
Event: 13.255 Loading class com/sun/org/apache/xerces/internal/dom/DOMImplementationImpl done
Event: 13.256 Loading class com/sun/org/apache/xerces/internal/dom/DeferredDOMImplementationImpl
Event: 13.256 Loading class com/sun/org/apache/xerces/internal/dom/DeferredDOMImplementationImpl done

Classes unloaded (20 events):
Event: 12.641 Thread 0x0000019745c087e0 Unloading class 0x0000000800c5d800 'java/lang/invoke/LambdaForm$DMH+0x0000000800c5d800'
Event: 12.641 Thread 0x0000019745c087e0 Unloading class 0x0000000800c5e000 'java/lang/invoke/LambdaForm$DMH+0x0000000800c5e000'
Event: 12.641 Thread 0x0000019745c087e0 Unloading class 0x0000000800c5dc00 'java/lang/invoke/LambdaForm$DMH+0x0000000800c5dc00'
Event: 12.641 Thread 0x0000019745c087e0 Unloading class 0x0000000800ab4000 'java/lang/invoke/LambdaForm$DMH+0x0000000800ab4000'
Event: 12.641 Thread 0x0000019745c087e0 Unloading class 0x0000000800aa0c00 'java/lang/invoke/LambdaForm$DMH+0x0000000800aa0c00'
Event: 12.641 Thread 0x0000019745c087e0 Unloading class 0x0000000800aa0400 'java/lang/invoke/LambdaForm$DMH+0x0000000800aa0400'
Event: 12.641 Thread 0x0000019745c087e0 Unloading class 0x0000000800aa0000 'java/lang/invoke/LambdaForm$DMH+0x0000000800aa0000'
Event: 12.641 Thread 0x0000019745c087e0 Unloading class 0x0000000800a0b000 'java/lang/invoke/LambdaForm$MH+0x0000000800a0b000'
Event: 12.641 Thread 0x0000019745c087e0 Unloading class 0x0000000800a0ac00 'java/lang/invoke/LambdaForm$MH+0x0000000800a0ac00'
Event: 12.641 Thread 0x0000019745c087e0 Unloading class 0x0000000800a0a800 'java/lang/invoke/LambdaForm$MH+0x0000000800a0a800'
Event: 12.641 Thread 0x0000019745c087e0 Unloading class 0x0000000800a0a400 'java/lang/invoke/LambdaForm$MH+0x0000000800a0a400'
Event: 12.641 Thread 0x0000019745c087e0 Unloading class 0x0000000800a09c00 'java/lang/invoke/LambdaForm$DMH+0x0000000800a09c00'
Event: 12.641 Thread 0x0000019745c087e0 Unloading class 0x0000000800a09800 'java/lang/invoke/LambdaForm$DMH+0x0000000800a09800'
Event: 12.641 Thread 0x0000019745c087e0 Unloading class 0x0000000800a09400 'java/lang/invoke/LambdaForm$MH+0x0000000800a09400'
Event: 12.641 Thread 0x0000019745c087e0 Unloading class 0x0000000800a09000 'java/lang/invoke/LambdaForm$DMH+0x0000000800a09000'
Event: 12.641 Thread 0x0000019745c087e0 Unloading class 0x0000000800a08c00 'java/lang/invoke/LambdaForm$DMH+0x0000000800a08c00'
Event: 12.641 Thread 0x0000019745c087e0 Unloading class 0x0000000800a08400 'java/lang/invoke/LambdaForm$DMH+0x0000000800a08400'
Event: 12.641 Thread 0x0000019745c087e0 Unloading class 0x0000000800a06c00 'java/lang/invoke/LambdaForm$DMH+0x0000000800a06c00'
Event: 12.641 Thread 0x0000019745c087e0 Unloading class 0x0000000800a06800 'java/lang/invoke/LambdaForm$DMH+0x0000000800a06800'
Event: 12.641 Thread 0x0000019745c087e0 Unloading class 0x0000000800a05800 'java/lang/invoke/LambdaForm$DMH+0x0000000800a05800'

Classes redefined (0 events):
No events

Internal exceptions (20 events):
Event: 12.121 Thread 0x000001974dc08710 Exception <a 'java/lang/IncompatibleClassChangeError'{0x00000007b49d71f8}: Found class java.lang.Object, but interface was expected> (0x00000007b49d71f8) 
thrown [s\src\hotspot\share\interpreter\linkResolver.cpp, line 851]
Event: 12.329 Thread 0x00000197556dc1f0 Exception <a 'sun/nio/fs/WindowsException'{0x00000007ad08afc8}> (0x00000007ad08afc8) 
thrown [s\src\hotspot\share\prims\jni.cpp, line 537]
Event: 12.338 Thread 0x00000197556d86e0 Exception <a 'java/lang/NoSuchMethodError'{0x00000007abb3b1d0}: 'void java.lang.invoke.DirectMethodHandle$Holder.invokeSpecial(java.lang.Object, java.lang.Object, int, java.lang.Object)'> (0x00000007abb3b1d0) 
thrown [s\src\hotspot\share\interpreter\linkResolver.cpp, line 784]
Event: 12.338 Thread 0x00000197556d6ca0 Exception <a 'java/lang/NoSuchMethodError'{0x00000007ac5aa0f8}: 'void java.lang.invoke.DirectMethodHandle$Holder.invokeSpecial(java.lang.Object, java.lang.Object, int, java.lang.Object)'> (0x00000007ac5aa0f8) 
thrown [s\src\hotspot\share\interpreter\linkResolver.cpp, line 784]
Event: 12.338 Thread 0x00000197556d7330 Exception <a 'java/lang/NoSuchMethodError'{0x00000007ab4cce18}: 'void java.lang.invoke.DirectMethodHandle$Holder.invokeSpecial(java.lang.Object, java.lang.Object, int, java.lang.Object)'> (0x00000007ab4cce18) 
thrown [s\src\hotspot\share\interpreter\linkResolver.cpp, line 784]
Event: 12.468 Thread 0x00000197556d8d70 Exception <a 'java/lang/NoSuchMethodError'{0x00000007ae3cf8b0}: 'void java.lang.invoke.DirectMethodHandle$Holder.invokeVirtual(java.lang.Object, java.lang.Object, int)'> (0x00000007ae3cf8b0) 
thrown [s\src\hotspot\share\interpreter\linkResolver.cpp, line 784]
Event: 12.468 Thread 0x00000197556d79c0 Exception <a 'java/lang/NoSuchMethodError'{0x00000007ae6b33a8}: 'void java.lang.invoke.DirectMethodHandle$Holder.invokeVirtual(java.lang.Object, java.lang.Object, int)'> (0x00000007ae6b33a8) 
thrown [s\src\hotspot\share\interpreter\linkResolver.cpp, line 784]
Event: 12.469 Thread 0x00000197556dcf10 Exception <a 'java/lang/NoSuchMethodError'{0x00000007afd71200}: 'void java.lang.invoke.DirectMethodHandle$Holder.invokeVirtual(java.lang.Object, java.lang.Object, int)'> (0x00000007afd71200) 
thrown [s\src\hotspot\share\interpreter\linkResolver.cpp, line 784]
Event: 12.482 Thread 0x00000197556dcf10 Exception <a 'java/lang/NoSuchMethodError'{0x00000007afd7df18}: 'int java.lang.invoke.DirectMethodHandle$Holder.invokeSpecial(java.lang.Object, java.lang.Object, int, java.lang.Object)'> (0x00000007afd7df18) 
thrown [s\src\hotspot\share\interpreter\linkResolver.cpp, line 784]
Event: 12.482 Thread 0x00000197556d79c0 Exception <a 'java/lang/NoSuchMethodError'{0x00000007ae6c2cc8}: 'int java.lang.invoke.DirectMethodHandle$Holder.invokeSpecial(java.lang.Object, java.lang.Object, int, java.lang.Object)'> (0x00000007ae6c2cc8) 
thrown [s\src\hotspot\share\interpreter\linkResolver.cpp, line 784]
Event: 13.006 Thread 0x00000197556d7330 Exception <a 'java/lang/NoSuchMethodError'{0x00000007abf6ba00}: 'int java.lang.invoke.DirectMethodHandle$Holder.invokeSpecial(java.lang.Object, java.lang.Object, java.lang.Object, java.lang.Object, java.lang.Object, java.lang.Object)'> (0x00000007abf6ba00) 
thrown [s\src\hotspot\share\interpreter\linkResolver.cpp, line 784]
Event: 13.006 Thread 0x000001974dc08710 Exception <a 'java/lang/NoSuchMethodError'{0x00000007abfd5f08}: 'int java.lang.invoke.DirectMethodHandle$Holder.invokeSpecial(java.lang.Object, java.lang.Object, java.lang.Object, java.lang.Object, java.lang.Object, java.lang.Object)'> (0x00000007abfd5f08) 
thrown [s\src\hotspot\share\interpreter\linkResolver.cpp, line 784]
Event: 13.011 Thread 0x00000197556dcf10 Exception <a 'java/lang/NoSuchMethodError'{0x00000007ab0afc18}: 'java.lang.Object java.lang.invoke.DirectMethodHandle$Holder.invokeInterface(java.lang.Object, java.lang.Object, int)'> (0x00000007ab0afc18) 
thrown [s\src\hotspot\share\interpreter\linkResolver.cpp, line 784]
Event: 13.012 Thread 0x00000197556d8050 Exception <a 'java/lang/NoSuchMethodError'{0x00000007ab6bf6a8}: 'int java.lang.invoke.DirectMethodHandle$Holder.invokeInterface(java.lang.Object, java.lang.Object, int)'> (0x00000007ab6bf6a8) 
thrown [s\src\hotspot\share\interpreter\linkResolver.cpp, line 784]
Event: 13.022 Thread 0x00000197556d7330 Exception <a 'java/lang/NoSuchMethodError'{0x00000007abf84f50}: 'void java.lang.invoke.DirectMethodHandle$Holder.invokeStatic(java.lang.Object, int)'> (0x00000007abf84f50) 
thrown [s\src\hotspot\share\interpreter\linkResolver.cpp, line 784]
Event: 13.164 Thread 0x00000197556d7330 Exception <a 'java/lang/NoSuchMethodError'{0x00000007af065190}: 'int java.lang.invoke.DirectMethodHandle$Holder.invokeSpecial(java.lang.Object, java.lang.Object, int)'> (0x00000007af065190) 
thrown [s\src\hotspot\share\interpreter\linkResolver.cpp, line 784]
Event: 13.202 Thread 0x00000197556d7330 Exception <a 'java/lang/IncompatibleClassChangeError'{0x00000007af7d4a68}: Found class java.lang.Object, but interface was expected> (0x00000007af7d4a68) 
thrown [s\src\hotspot\share\interpreter\linkResolver.cpp, line 851]
Event: 13.333 Thread 0x000001974dc0bb90 Implicit null exception at 0x000001973590243f to 0x0000019735902a94
Event: 14.225 Thread 0x00000197556d8d70 Exception <a 'java/lang/NoSuchMethodError'{0x00000007bfbf2c40}: 'void java.lang.invoke.DirectMethodHandle$Holder.invokeSpecialIFC(java.lang.Object, java.lang.Object, java.lang.Object, java.lang.Object)'> (0x00000007bfbf2c40) 
thrown [s\src\hotspot\share\interpreter\linkResolver.cpp, line 784]
Event: 15.023 Thread 0x000001974dc0bb90 Implicit null exception at 0x0000019735999b05 to 0x000001973599e1e0

ZGC Phase Switch (0 events):
No events

VM Operations (20 events):
Event: 14.258 Executing VM operation: ParallelGCFailedAllocation (Allocation Failure)
Event: 14.282 Executing VM operation: ParallelGCFailedAllocation (Allocation Failure) done
Event: 14.343 Executing VM operation: HandshakeAllThreads (Deoptimize)
Event: 14.378 Executing VM operation: HandshakeAllThreads (Deoptimize) done
Event: 14.449 Executing VM operation: ICBufferFull
Event: 14.450 Executing VM operation: ICBufferFull done
Event: 14.618 Executing VM operation: ICBufferFull
Event: 14.619 Executing VM operation: ICBufferFull done
Event: 14.647 Executing VM operation: ParallelGCFailedAllocation (Allocation Failure)
Event: 14.655 Executing VM operation: ParallelGCFailedAllocation (Allocation Failure) done
Event: 14.662 Executing VM operation: ICBufferFull
Event: 14.663 Executing VM operation: ICBufferFull done
Event: 14.670 Executing VM operation: HandshakeAllThreads (Deoptimize)
Event: 14.705 Executing VM operation: HandshakeAllThreads (Deoptimize) done
Event: 14.839 Executing VM operation: HandshakeAllThreads (Deoptimize)
Event: 14.864 Executing VM operation: HandshakeAllThreads (Deoptimize) done
Event: 14.963 Executing VM operation: ICBufferFull
Event: 14.973 Executing VM operation: ICBufferFull done
Event: 15.087 Executing VM operation: ParallelGCFailedAllocation (Allocation Failure)
Event: 15.093 Executing VM operation: ParallelGCFailedAllocation (Allocation Failure) done

Memory protections (0 events):
No events

Nmethod flushes (20 events):
Event: 12.667 Thread 0x0000019745c087e0 flushing  nmethod 0x000001972dd60590
Event: 12.667 Thread 0x0000019745c087e0 flushing  nmethod 0x000001972dd61790
Event: 12.667 Thread 0x0000019745c087e0 flushing  nmethod 0x000001972dd61b90
Event: 12.667 Thread 0x0000019745c087e0 flushing  nmethod 0x000001972dd6af10
Event: 12.667 Thread 0x0000019745c087e0 flushing  nmethod 0x000001972dd6ba10
Event: 12.667 Thread 0x0000019745c087e0 flushing  nmethod 0x000001972dd6c210
Event: 12.667 Thread 0x0000019745c087e0 flushing  nmethod 0x000001972dd6cc90
Event: 12.667 Thread 0x0000019745c087e0 flushing  nmethod 0x000001972dd6d910
Event: 12.667 Thread 0x0000019745c087e0 flushing  nmethod 0x000001972dd70b90
Event: 12.667 Thread 0x0000019745c087e0 flushing  nmethod 0x000001972dd73890
Event: 12.667 Thread 0x0000019745c087e0 flushing  nmethod 0x000001972dd74890
Event: 12.667 Thread 0x0000019745c087e0 flushing  nmethod 0x000001972dd77610
Event: 12.667 Thread 0x0000019745c087e0 flushing  nmethod 0x000001972dd87810
Event: 12.667 Thread 0x0000019745c087e0 flushing  nmethod 0x000001972ddb1d10
Event: 12.667 Thread 0x0000019745c087e0 flushing  nmethod 0x000001972ddcee10
Event: 12.667 Thread 0x0000019745c087e0 flushing  nmethod 0x000001972ddd5390
Event: 12.667 Thread 0x0000019745c087e0 flushing  nmethod 0x000001972ddd8e90
Event: 12.667 Thread 0x0000019745c087e0 flushing  nmethod 0x000001972de17c10
Event: 12.667 Thread 0x0000019745c087e0 flushing  nmethod 0x000001972de1d310
Event: 12.667 Thread 0x0000019745c087e0 flushing  nmethod 0x000001972de1da90

Events (20 events):
Event: 9.444 Thread 0x0000019754bf02d0 Thread added: 0x0000019754bf0960
Event: 9.445 Thread 0x0000019754bf02d0 Thread added: 0x0000019754bf1d10
Event: 9.445 Thread 0x0000019754bf02d0 Thread added: 0x0000019754bf2a30
Event: 9.445 Thread 0x0000019754bf02d0 Thread added: 0x0000019754bf30c0
Event: 9.446 Thread 0x0000019754bf02d0 Thread added: 0x0000019754bf3de0
Event: 9.446 Thread 0x0000019754bf02d0 Thread added: 0x0000019754bf0ff0
Event: 9.446 Thread 0x0000019754bf02d0 Thread added: 0x0000019754bf4470
Event: 9.447 Thread 0x0000019754bf02d0 Thread added: 0x0000019754bf4b00
Event: 9.447 Thread 0x0000019754bf02d0 Thread added: 0x0000019754bf1680
Event: 9.448 Thread 0x0000019754bf02d0 Thread added: 0x0000019754bf5190
Event: 9.448 Thread 0x0000019754bf02d0 Thread added: 0x0000019754bf78f0
Event: 9.448 Thread 0x0000019754bf02d0 Thread added: 0x0000019754bf8ca0
Event: 9.449 Thread 0x0000019754bf02d0 Thread added: 0x0000019754bf7260
Event: 10.314 Thread 0x000001974dc5b2d0 Thread added: 0x0000019751242060
Event: 10.319 Thread 0x000001974b223720 Thread added: 0x0000019751242730
Event: 10.319 Thread 0x000001974b223720 Thread added: 0x0000019751241990
Event: 11.228 Thread 0x0000019751241990 Thread exited: 0x0000019751241990
Event: 11.453 Thread 0x0000019754bf7260 Thread exited: 0x0000019754bf7260
Event: 12.271 Thread 0x0000019751242730 Thread exited: 0x0000019751242730
Event: 12.939 Thread 0x0000019751242060 Thread exited: 0x0000019751242060


Dynamic libraries:
0x00007ff6c6760000 - 0x00007ff6c676a000 	D:\Program Files\Android\Android Studio\jbr\bin\java.exe
0x00007ffd7bf60000 - 0x00007ffd7c1c0000 	C:\WINDOWS\SYSTEM32\ntdll.dll
0x00007ffd7a9d0000 - 0x00007ffd7aa97000 	C:\WINDOWS\System32\KERNEL32.DLL
0x00007ffd79780000 - 0x00007ffd79b49000 	C:\WINDOWS\System32\KERNELBASE.dll
0x00007ffd79420000 - 0x00007ffd7956c000 	C:\WINDOWS\System32\ucrtbase.dll
0x00007ffd38350000 - 0x00007ffd38368000 	D:\Program Files\Android\Android Studio\jbr\bin\jli.dll
0x00007ffd49bf0000 - 0x00007ffd49c0b000 	D:\Program Files\Android\Android Studio\jbr\bin\VCRUNTIME140.dll
0x00007ffd7a5f0000 - 0x00007ffd7a7b9000 	C:\WINDOWS\System32\USER32.dll
0x00007ffd793f0000 - 0x00007ffd79417000 	C:\WINDOWS\System32\win32u.dll
0x00007ffd7a7c0000 - 0x00007ffd7a7ea000 	C:\WINDOWS\System32\GDI32.dll
0x00007ffd79140000 - 0x00007ffd79271000 	C:\WINDOWS\System32\gdi32full.dll
0x00007ffd48640000 - 0x00007ffd488d7000 	C:\WINDOWS\WinSxS\amd64_microsoft.windows.common-controls_6595b64144ccf1df_6.0.26100.3380_none_3e0ec6aae32e8fb7\COMCTL32.dll
0x00007ffd79280000 - 0x00007ffd79323000 	C:\WINDOWS\System32\msvcp_win.dll
0x00007ffd79d70000 - 0x00007ffd79e19000 	C:\WINDOWS\System32\msvcrt.dll
0x00007ffd79ef0000 - 0x00007ffd79f1f000 	C:\WINDOWS\System32\IMM32.DLL
0x00007ffd70190000 - 0x00007ffd7019c000 	D:\Program Files\Android\Android Studio\jbr\bin\vcruntime140_1.dll
0x00007ffcb3d50000 - 0x00007ffcb3ddd000 	D:\Program Files\Android\Android Studio\jbr\bin\msvcp140.dll
0x00007ffca50e0000 - 0x00007ffca5d76000 	D:\Program Files\Android\Android Studio\jbr\bin\server\jvm.dll
0x00007ffd79f30000 - 0x00007ffd79fe2000 	C:\WINDOWS\System32\ADVAPI32.dll
0x00007ffd7a190000 - 0x00007ffd7a236000 	C:\WINDOWS\System32\sechost.dll
0x00007ffd7a890000 - 0x00007ffd7a9a6000 	C:\WINDOWS\System32\RPCRT4.dll
0x00007ffd7ace0000 - 0x00007ffd7ad54000 	C:\WINDOWS\System32\WS2_32.dll
0x00007ffd78870000 - 0x00007ffd788ce000 	C:\WINDOWS\SYSTEM32\POWRPROF.dll
0x00007ffd6e260000 - 0x00007ffd6e26b000 	C:\WINDOWS\SYSTEM32\VERSION.dll
0x00007ffd6c350000 - 0x00007ffd6c386000 	C:\WINDOWS\SYSTEM32\WINMM.dll
0x00007ffd78850000 - 0x00007ffd78864000 	C:\WINDOWS\SYSTEM32\UMPDC.dll
0x00007ffd77f10000 - 0x00007ffd77f2a000 	C:\WINDOWS\SYSTEM32\kernel.appcore.dll
0x00007ffd70110000 - 0x00007ffd7011a000 	D:\Program Files\Android\Android Studio\jbr\bin\jimage.dll
0x00007ffd767f0000 - 0x00007ffd76a31000 	C:\WINDOWS\SYSTEM32\DBGHELP.DLL
0x00007ffd7b930000 - 0x00007ffd7bcb2000 	C:\WINDOWS\System32\combase.dll
0x00007ffd7a510000 - 0x00007ffd7a5e6000 	C:\WINDOWS\System32\OLEAUT32.dll
0x00007ffd34bd0000 - 0x00007ffd34c09000 	C:\WINDOWS\SYSTEM32\dbgcore.DLL
0x00007ffd79b50000 - 0x00007ffd79be9000 	C:\WINDOWS\System32\bcryptPrimitives.dll
0x00007ffd6ff30000 - 0x00007ffd6ff3e000 	D:\Program Files\Android\Android Studio\jbr\bin\instrument.dll
0x00007ffd38330000 - 0x00007ffd38350000 	D:\Program Files\Android\Android Studio\jbr\bin\java.dll
0x00007ffd2fa50000 - 0x00007ffd2fa68000 	D:\Program Files\Android\Android Studio\jbr\bin\zip.dll
0x00007ffd7b200000 - 0x00007ffd7b91e000 	C:\WINDOWS\System32\SHELL32.dll
0x00007ffd79bf0000 - 0x00007ffd79d58000 	C:\WINDOWS\System32\wintypes.dll
0x00007ffd76dd0000 - 0x00007ffd7761a000 	C:\WINDOWS\SYSTEM32\windows.storage.dll
0x00007ffd7a240000 - 0x00007ffd7a32d000 	C:\WINDOWS\System32\SHCORE.dll
0x00007ffd7beb0000 - 0x00007ffd7bf14000 	C:\WINDOWS\System32\shlwapi.dll
0x00007ffd79050000 - 0x00007ffd7907f000 	C:\WINDOWS\SYSTEM32\profapi.dll
0x00007ffd6bf30000 - 0x00007ffd6bf40000 	D:\Program Files\Android\Android Studio\jbr\bin\net.dll
0x00007ffd6fd90000 - 0x00007ffd6fead000 	C:\WINDOWS\SYSTEM32\WINHTTP.dll
0x00007ffd78410000 - 0x00007ffd7847a000 	C:\WINDOWS\system32\mswsock.dll
0x00007ffd2e2f0000 - 0x00007ffd2e306000 	D:\Program Files\Android\Android Studio\jbr\bin\nio.dll
0x00007ffd6b380000 - 0x00007ffd6b390000 	D:\Program Files\Android\Android Studio\jbr\bin\verify.dll
0x00007ffd09030000 - 0x00007ffd09057000 	C:\Users\gyyzkczx\.gradle\native\1def1411415f61bf3af743bc5b6707747c0891f09f0c88961ee8f79bc544acac\windows-amd64\native-platform.dll
0x00007ffcbcf30000 - 0x00007ffcbcfa8000 	C:\Users\gyyzkczx\.gradle\native\0.2.7\x86_64-windows-gnu\gradle-fileevents.dll
0x00007ffd4d800000 - 0x00007ffd4d809000 	D:\Program Files\Android\Android Studio\jbr\bin\management.dll
0x00007ffd4d7d0000 - 0x00007ffd4d7db000 	D:\Program Files\Android\Android Studio\jbr\bin\management_ext.dll
0x00007ffd7bd40000 - 0x00007ffd7bd48000 	C:\WINDOWS\System32\PSAPI.DLL
0x00007ffd77a70000 - 0x00007ffd77aa3000 	C:\WINDOWS\SYSTEM32\IPHLPAPI.DLL
0x00007ffd7b1f0000 - 0x00007ffd7b1fa000 	C:\WINDOWS\System32\NSI.dll
0x00007ffd49be0000 - 0x00007ffd49be9000 	D:\Program Files\Android\Android Studio\jbr\bin\extnet.dll
0x00007ffd788e0000 - 0x00007ffd788fc000 	C:\WINDOWS\SYSTEM32\CRYPTSP.dll
0x00007ffd77e70000 - 0x00007ffd77eaa000 	C:\WINDOWS\system32\rsaenh.dll
0x00007ffd784b0000 - 0x00007ffd784db000 	C:\WINDOWS\SYSTEM32\USERENV.dll
0x00007ffd78a70000 - 0x00007ffd78a96000 	C:\WINDOWS\SYSTEM32\bcrypt.dll
0x00007ffd78640000 - 0x00007ffd7864c000 	C:\WINDOWS\SYSTEM32\CRYPTBASE.dll
0x00007ffd36a00000 - 0x00007ffd36a08000 	C:\WINDOWS\system32\wshunix.dll
0x00007ffd78030000 - 0x00007ffd78065000 	C:\WINDOWS\SYSTEM32\ntmarta.dll

JVMTI agents:
C:\Users\gyyzkczx\.gradle\wrapper\dists\gradle-8.13-bin\5xuhj0ry160q40clulazy9h7d\gradle-8.13\lib\agents\gradle-instrumentation-agent-8.13.jar path:D:\Program Files\Android\Android Studio\jbr\bin\instrument.dll, loaded, initialized, instrumentlib options:none

dbghelp: loaded successfully - version: 4.0.5 - missing functions: none
symbol engine: initialized successfully - sym options: 0x614 - pdb path: .;D:\Program Files\Android\Android Studio\jbr\bin;C:\WINDOWS\SYSTEM32;C:\WINDOWS\WinSxS\amd64_microsoft.windows.common-controls_6595b64144ccf1df_6.0.26100.3380_none_3e0ec6aae32e8fb7;D:\Program Files\Android\Android Studio\jbr\bin\server;C:\Users\gyyzkczx\.gradle\native\1def1411415f61bf3af743bc5b6707747c0891f09f0c88961ee8f79bc544acac\windows-amd64;C:\Users\gyyzkczx\.gradle\native\0.2.7\x86_64-windows-gnu

VM Arguments:
jvm_args: --add-opens=java.base/java.lang=ALL-UNNAMED --add-opens=java.base/java.lang.invoke=ALL-UNNAMED --add-opens=java.base/java.util=ALL-UNNAMED --add-opens=java.prefs/java.util.prefs=ALL-UNNAMED --add-exports=jdk.compiler/com.sun.tools.javac.api=ALL-UNNAMED --add-exports=jdk.compiler/com.sun.tools.javac.util=ALL-UNNAMED --add-opens=java.base/java.util=ALL-UNNAMED --add-opens=java.prefs/java.util.prefs=ALL-UNNAMED --add-opens=java.base/java.nio.charset=ALL-UNNAMED --add-opens=java.base/java.net=ALL-UNNAMED --add-opens=java.base/java.util.concurrent.atomic=ALL-UNNAMED --add-opens=java.xml/javax.xml.namespace=ALL-UNNAMED -XX:+HeapDumpOnOutOfMemoryError -XX:+UseParallelGC -Xmx4096m -Dfile.encoding=UTF-8 -Duser.country=CN -Duser.language=zh -Duser.variant -javaagent:C:\Users\gyyzkczx\.gradle\wrapper\dists\gradle-8.13-bin\5xuhj0ry160q40clulazy9h7d\gradle-8.13\lib\agents\gradle-instrumentation-agent-8.13.jar 
java_command: org.gradle.launcher.daemon.bootstrap.GradleDaemon 8.13
java_class_path (initial): C:\Users\gyyzkczx\.gradle\wrapper\dists\gradle-8.13-bin\5xuhj0ry160q40clulazy9h7d\gradle-8.13\lib\gradle-daemon-main-8.13.jar
Launcher Type: SUN_STANDARD

[Global flags]
     intx CICompilerCount                          = 12                                        {product} {ergonomic}
     bool HeapDumpOnOutOfMemoryError               = true                                   {manageable} {command line}
   size_t InitialHeapSize                          = 264241152                                 {product} {ergonomic}
   size_t MaxHeapSize                              = 4294967296                                {product} {command line}
   size_t MaxNewSize                               = 1431306240                                {product} {ergonomic}
   size_t MinHeapDeltaBytes                        = 524288                                    {product} {ergonomic}
   size_t MinHeapSize                              = 8388608                                   {product} {ergonomic}
   size_t NewSize                                  = 88080384                                  {product} {ergonomic}
    uintx NonNMethodCodeHeapSize                   = 7602480                                {pd product} {ergonomic}
    uintx NonProfiledCodeHeapSize                  = 122027880                              {pd product} {ergonomic}
   size_t OldSize                                  = 176160768                                 {product} {ergonomic}
    uintx ProfiledCodeHeapSize                     = 122027880                              {pd product} {ergonomic}
    uintx ReservedCodeCacheSize                    = 251658240                              {pd product} {ergonomic}
     bool SegmentedCodeCache                       = true                                      {product} {ergonomic}
   size_t SoftMaxHeapSize                          = 4294967296                             {manageable} {ergonomic}
     bool UseCompressedOops                        = true                           {product lp64_product} {ergonomic}
     bool UseLargePagesIndividualAllocation        = false                                  {pd product} {ergonomic}
     bool UseParallelGC                            = true                                      {product} {command line}

Logging:
Log output configuration:
 #0: stdout all=warning uptime,level,tags foldmultilines=false
 #1: stderr all=off uptime,level,tags foldmultilines=false

Environment Variables:
JAVA_HOME=D:\Program Files\Android\Android Studio\jbr
PATH=C:\Program Files\RevvitySignalsSoftware\ChemDrawApplications\ChemScript\Lib;C:\WINDOWS\system32;C:\WINDOWS;C:\WINDOWS\System32\Wbem;C:\WINDOWS\System32\WindowsPowerShell\v1.0\;C:\WINDOWS\System32\OpenSSH\;D:\Program Files\Android\Android Studio\jbr\bin;C:\Program Files\Docker\Docker\resources\bin;D:\adb;D:\Inkscape\bin;D:\Program Files\MiKTeX\miktex\bin\x64\;D:\ffmpeg\bin;D:\Program Files\Git\cmd;D:\ccache;D:\Android SDK\tools;D:\Android SDK\tools\bin;D:\Android SDK\platform-tools;D:\Program Files\nodejs\;C:\ProgramData\chocolatey\bin;D:\texlive\bin\windows;C:\Users\gyyzkczx\AppData\Local\Programs\Python\Python311\Scripts\;C:\Users\gyyzkczx\AppData\Local\Programs\Python\Python311\;C:\Users\gyyzkczx\AppData\Local\Microsoft\WindowsApps;D:\Users\gyyzkczx\AppData\Local\Programs\Microsoft VS Code\bin;D:\Users\gyyzkczx\AppData\Local\Programs\MiKTeX\miktex\bin\x64\;C:\Users\gyyzkczx\AppData\Roaming\npm
USERNAME=gyyzkczx
OS=Windows_NT
PROCESSOR_IDENTIFIER=Intel64 Family 6 Model 154 Stepping 3, GenuineIntel
TMP=C:\Users\gyyzkczx\AppData\Local\Temp
TEMP=C:\Users\gyyzkczx\AppData\Local\Temp




Periodic native trim disabled

JNI global refs:
JNI global refs: 42, weak refs: 294

JNI global refs memory usage: 835, weak refs: 3361

Process memory usage:
Resident Set Size: 1456204K (8% of 16437216K total physical memory with 999896K free physical memory)

OOME stack traces (most recent first):
Classloader memory used:
Loader org.gradle.internal.classloader.VisitableURLClassLoader                         : 33194K
Loader org.gradle.internal.classloader.VisitableURLClassLoader$InstrumentingVisitableURLClassLoader: 33042K
Loader bootstrap                                                                       : 26884K
Loader org.gradle.initialization.MixInLegacyTypesClassLoader                           : 7685K
Loader jdk.internal.reflect.DelegatingClassLoader                                      : 1119K
Loader jdk.internal.loader.ClassLoaders$PlatformClassLoader                            : 581K
Loader jdk.internal.loader.ClassLoaders$AppClassLoader                                 : 235K

Classes loaded by more than one classloader:
Class com.google.common.base.PairwiseEquivalence                                      : loaded 2 times (x 83B)
Class com.google.common.base.Equivalence$Identity                                     : loaded 2 times (x 82B)
Class com.google.common.collect.RegularImmutableMap$KeySet                            : loaded 2 times (x 152B)
Class org.gradle.internal.classloader.FilteringClassLoader                            : loaded 2 times (x 105B)
Class com.google.common.io.FileWriteMode                                              : loaded 2 times (x 79B)
Class [Lcom.google.common.base.AbstractIterator$State;                                : loaded 2 times (x 69B)
Class com.google.common.base.CharMatcher$IsEither                                     : loaded 2 times (x 111B)
Class org.gradle.internal.classloader.ClassLoaderHierarchy                            : loaded 2 times (x 70B)
Class com.google.common.collect.ImmutableEnumSet                                      : loaded 2 times (x 146B)
Class com.google.common.util.concurrent.ExecutionError                                : loaded 2 times (x 82B)
Class com.google.common.collect.ImmutableList$1                                       : loaded 2 times (x 97B)
Class com.google.common.collect.AbstractMapBasedMultimap$WrappedCollection            : loaded 2 times (x 124B)
Class org.gradle.api.internal.classpath.ManifestUtil                                  : loaded 2 times (x 71B)
Class com.google.common.io.ByteArrayDataOutput                                        : loaded 2 times (x 70B)
Class com.google.common.collect.RegularImmutableMap                                   : loaded 2 times (x 121B)
Class com.google.common.collect.ImmutableMap$MapViewOfValuesAsSingletonSets           : loaded 2 times (x 126B)
Class com.google.common.collect.TransformedListIterator                               : loaded 2 times (x 93B)
Class com.google.common.collect.UnmodifiableListIterator                              : loaded 2 times (x 95B)
Class com.google.common.base.Platform$JdkPatternCompiler                              : loaded 2 times (x 75B)
Class [Lcom.google.common.cache.CacheBuilder$OneWeigher;                              : loaded 2 times (x 69B)
Class com.google.common.base.Suppliers                                                : loaded 2 times (x 71B)
Class org.gradle.internal.classloader.DefaultClassLoaderFactory                       : loaded 2 times (x 82B)
Class com.google.common.base.CharMatcher$None                                         : loaded 2 times (x 112B)
Class org.gradle.internal.classloader.ClassLoaderVisitor                              : loaded 2 times (x 76B)
Class [Lcom.google.common.collect.ImmutableMapEntry;                                  : loaded 2 times (x 69B)
Class org.gradle.api.internal.classpath.EffectiveClassPath                            : loaded 2 times (x 90B)
Class com.google.common.collect.ImmutableRangeSet                                     : loaded 2 times (x 115B)
Class com.google.common.collect.ImmutableEnumMap                                      : loaded 2 times (x 126B)
Class com.google.common.collect.ListMultimap                                          : loaded 2 times (x 70B)
Class com.google.common.collect.Sets$1                                                : loaded 2 times (x 139B)
Class com.google.common.base.Splitter                                                 : loaded 2 times (x 72B)
Class org.gradle.api.internal.DefaultClassPathProvider                                : loaded 2 times (x 76B)
Class com.google.common.collect.Maps$ViewCachingAbstractMap                           : loaded 2 times (x 125B)
Class com.google.common.collect.Sets$2                                                : loaded 2 times (x 139B)
Class [Lorg.gradle.api.internal.ClassPathProvider;                                    : loaded 2 times (x 69B)
Class org.gradle.api.internal.ClassPathProvider                                       : loaded 2 times (x 70B)
Class com.google.common.collect.Sets$3                                                : loaded 2 times (x 139B)
Class com.google.common.base.AbstractIterator$State                                   : loaded 2 times (x 79B)
Class com.google.common.util.concurrent.AbstractFuture$SafeAtomicHelper               : loaded 2 times (x 79B)
Class com.google.common.cache.LocalCache$LocalLoadingCache                            : loaded 2 times (x 134B)
Class org.gradle.internal.service.UnknownServiceException                             : loaded 2 times (x 83B)
Class com.google.common.collect.Sets$4                                                : loaded 2 times (x 139B)
Class com.google.common.io.ByteArrayDataInput                                         : loaded 2 times (x 70B)
Class com.google.common.cache.LocalCache$Strength$1                                   : loaded 2 times (x 81B)
Class com.google.common.util.concurrent.SettableFuture                                : loaded 2 times (x 114B)
Class com.google.common.cache.LocalCache$Strength$2                                   : loaded 2 times (x 81B)
Class com.google.common.collect.TransformedIterator                                   : loaded 2 times (x 80B)
Class com.google.common.base.Splitter$1                                               : loaded 2 times (x 77B)
Class com.google.common.io.ByteStreams                                                : loaded 2 times (x 71B)
Class com.google.common.cache.LocalCache$Strength$3                                   : loaded 2 times (x 81B)
Class com.google.common.collect.MapDifference                                         : loaded 2 times (x 70B)
Class com.google.common.cache.CacheBuilder$NullListener                               : loaded 2 times (x 82B)
Class org.gradle.internal.classpath.TransformedClassPath                              : loaded 2 times (x 96B)
Class org.gradle.internal.classloader.InstrumentingClassLoader                        : loaded 2 times (x 70B)
Class com.google.common.collect.ImmutableRangeSet$AsSet                               : loaded 2 times (x 300B)
Class com.google.common.collect.ImmutableCollection$Builder                           : loaded 2 times (x 76B)
Class com.google.common.collect.Iterators$ArrayItr                                    : loaded 2 times (x 97B)
Class com.google.common.cache.CacheLoader$FunctionToCacheLoader                       : loaded 2 times (x 75B)
Class com.google.common.base.Joiner                                                   : loaded 2 times (x 79B)
Class com.google.common.base.MoreObjects                                              : loaded 2 times (x 71B)
Class com.google.common.collect.Platform                                              : loaded 2 times (x 71B)
Class com.google.common.collect.UnmodifiableIterator                                  : loaded 2 times (x 80B)
Class org.gradle.internal.service.ServiceLocator                                      : loaded 2 times (x 70B)
Class com.google.common.cache.LocalCache$1                                            : loaded 2 times (x 89B)
Class com.google.common.collect.AbstractMapEntry                                      : loaded 2 times (x 81B)
Class com.google.common.collect.Sets$ImprovedAbstractSet                              : loaded 2 times (x 135B)
Class com.google.common.collect.ImmutableList$Builder                                 : loaded 2 times (x 77B)
Class com.google.common.cache.LocalCache$2                                            : loaded 2 times (x 142B)
Class com.google.common.collect.AbstractMultimap                                      : loaded 2 times (x 123B)
Class com.google.common.collect.ImmutableRangeSet$1                                   : loaded 2 times (x 210B)
Class com.google.common.util.concurrent.AbstractFuture$UnsafeAtomicHelper$1           : loaded 2 times (x 76B)
Class com.google.common.collect.RegularImmutableAsList                                : loaded 2 times (x 217B)
Class com.google.common.collect.Range                                                 : loaded 2 times (x 87B)
Class com.google.common.util.concurrent.AbstractFuture$Trusted                        : loaded 2 times (x 70B)
Class com.google.common.collect.Iterators                                             : loaded 2 times (x 71B)
Class com.google.common.io.ByteSink$AsCharSink                                        : loaded 2 times (x 80B)
Class com.google.common.collect.Lists$StringAsImmutableList                           : loaded 2 times (x 207B)
Class com.google.common.util.concurrent.UncheckedExecutionException                   : loaded 2 times (x 82B)
Class org.gradle.internal.InternalTransformer                                         : loaded 2 times (x 70B)
Class com.google.common.collect.AbstractMapBasedMultimap$KeySet$1                     : loaded 2 times (x 82B)
Class com.google.common.base.CharMatcher$And                                          : loaded 2 times (x 112B)
Class com.google.common.cache.CacheLoader$UnsupportedLoadingOperationException        : loaded 2 times (x 82B)
Class org.gradle.internal.classloader.ClasspathUtil$1                                 : loaded 2 times (x 76B)
Class com.google.common.base.Objects                                                  : loaded 2 times (x 71B)
Class com.google.common.collect.IndexedImmutableSet                                   : loaded 2 times (x 152B)
Class com.google.common.collect.ImmutableMap$1                                        : loaded 2 times (x 81B)
Class com.google.common.collect.BiMap                                                 : loaded 2 times (x 70B)
Class org.gradle.api.internal.classpath.DefaultModuleRegistry$DefaultModule           : loaded 2 times (x 86B)
Class com.google.common.primitives.Ints                                               : loaded 2 times (x 71B)
Class com.google.common.collect.AbstractIterator                                      : loaded 2 times (x 82B)
Class com.google.common.collect.ObjectArrays                                          : loaded 2 times (x 71B)
Class com.google.common.collect.AbstractIndexedListIterator                           : loaded 2 times (x 96B)
Class com.google.common.collect.ArrayListMultimapGwtSerializationDependencies         : loaded 2 times (x 172B)
Class com.google.common.collect.Multiset                                              : loaded 2 times (x 70B)
Class com.google.common.collect.ImmutableMapEntrySet                                  : loaded 2 times (x 152B)
Class org.gradle.api.internal.classpath.Module                                        : loaded 2 times (x 70B)
Class com.google.common.cache.Weigher                                                 : loaded 2 times (x 70B)
Class org.gradle.api.internal.classpath.UnknownModuleException                        : loaded 2 times (x 82B)
Class com.google.common.base.Stopwatch                                                : loaded 2 times (x 72B)
Class com.google.common.cache.LocalCache$Strength                                     : loaded 2 times (x 81B)
Class com.google.common.cache.Cache                                                   : loaded 2 times (x 70B)
Class com.google.common.io.Files$2                                                    : loaded 2 times (x 76B)
Class com.google.common.base.NullnessCasts                                            : loaded 2 times (x 71B)
Class com.google.common.util.concurrent.AbstractFuture$Cancellation                   : loaded 2 times (x 72B)
Class com.google.common.collect.ImmutableMap$Builder                                  : loaded 2 times (x 82B)
Class com.google.common.collect.AbstractMapBasedMultimap$WrappedCollection$WrappedIterator: loaded 2 times (x 84B)
Class com.google.common.cache.RemovalListener                                         : loaded 2 times (x 70B)
Class org.gradle.api.internal.DefaultClassPathRegistry                                : loaded 2 times (x 76B)
Class com.google.common.primitives.IntsMethodsForWeb                                  : loaded 2 times (x 71B)
Class com.google.common.collect.Multimap                                              : loaded 2 times (x 70B)
Class org.gradle.api.internal.ClassPathRegistry                                       : loaded 2 times (x 70B)
Class org.gradle.internal.classpath.DefaultClassPath$ImmutableUniqueList              : loaded 2 times (x 199B)
Class com.google.common.base.ExtraObjectsMethodsForWeb                                : loaded 2 times (x 71B)
Class com.google.common.io.ByteSink                                                   : loaded 2 times (x 76B)
Class com.google.common.cache.CacheBuilder                                            : loaded 2 times (x 72B)
Class com.google.common.collect.SingletonImmutableList                                : loaded 2 times (x 207B)
Class org.gradle.internal.classpath.ClassPath                                         : loaded 2 times (x 70B)
Class org.gradle.api.UncheckedIOException                                             : loaded 2 times (x 82B)
Class com.google.common.io.Files$FileByteSource                                       : loaded 2 times (x 85B)
Class com.google.common.base.JdkPattern                                               : loaded 2 times (x 75B)
Class com.google.common.collect.ImmutableList$ReverseImmutableList                    : loaded 2 times (x 209B)
Class com.google.common.util.concurrent.AbstractFuture$AtomicHelper                   : loaded 2 times (x 78B)
Class com.google.common.collect.Iterators$1                                           : loaded 2 times (x 81B)
Class com.google.common.base.Suppliers$SupplierOfInstance                             : loaded 2 times (x 79B)
Class com.google.common.cache.LocalCache$ComputingValueReference                      : loaded 2 times (x 96B)
Class com.google.common.collect.ImmutableMap$IteratorBasedImmutableMap                : loaded 2 times (x 126B)
Class com.google.common.collect.SingletonImmutableSet                                 : loaded 2 times (x 146B)
Class com.google.common.cache.LocalCache$Segment                                      : loaded 2 times (x 154B)
Class com.google.common.collect.SortedIterable                                        : loaded 2 times (x 70B)
Class com.google.common.collect.Iterators$4                                           : loaded 2 times (x 82B)
Class com.google.common.cache.CacheLoader                                             : loaded 2 times (x 74B)
Class com.google.common.collect.ImmutableBiMap                                        : loaded 2 times (x 143B)
Class com.google.common.collect.AbstractListMultimap                                  : loaded 2 times (x 172B)
Class org.gradle.internal.installation.GradleInstallation$1                           : loaded 2 times (x 75B)
Class org.gradle.api.internal.classpath.ModuleRegistry                                : loaded 2 times (x 70B)
Class com.google.common.collect.ImmutableSet$JdkBackedSetBuilderImpl                  : loaded 2 times (x 76B)
Class com.google.common.base.Splitter$SplittingIterator                               : loaded 2 times (x 84B)
Class com.google.common.util.concurrent.internal.InternalFutureFailureAccess          : loaded 2 times (x 72B)
Class com.google.common.collect.Iterators$5                                           : loaded 2 times (x 82B)
Class com.google.common.base.CharMatcher$ForPredicate                                 : loaded 2 times (x 112B)
Class com.google.common.util.concurrent.AbstractFuture$UnsafeAtomicHelper             : loaded 2 times (x 78B)
Class com.google.common.cache.LocalCache$LocalManualCache$1                           : loaded 2 times (x 75B)
Class com.google.common.base.CharMatcher$AnyOf                                        : loaded 2 times (x 112B)
Class com.google.common.collect.ImmutableCollection                                   : loaded 2 times (x 125B)
Class org.gradle.api.internal.classpath.DefaultModuleRegistry                         : loaded 2 times (x 86B)
Class com.google.common.collect.Lists                                                 : loaded 2 times (x 71B)
Class com.google.common.util.concurrent.ListenableFuture                              : loaded 2 times (x 70B)
Class com.google.common.cache.ReferenceEntry                                          : loaded 2 times (x 70B)
Class com.google.common.base.Converter                                                : loaded 2 times (x 90B)
Class com.google.common.collect.ImmutableSet$CachingAsList                            : loaded 2 times (x 148B)
Class com.google.common.util.concurrent.AbstractFuture                                : loaded 2 times (x 106B)
Class com.google.common.base.FunctionalEquivalence                                    : loaded 2 times (x 83B)
Class com.google.common.collect.Iterators$9                                           : loaded 2 times (x 81B)
Class com.google.common.collect.AbstractMapBasedMultimap                              : loaded 2 times (x 139B)
Class com.google.common.collect.ImmutableAsList                                       : loaded 2 times (x 209B)
Class com.google.common.cache.CacheLoader$SupplierToCacheLoader                       : loaded 2 times (x 75B)
Class com.google.common.collect.Maps$EntryTransformer                                 : loaded 2 times (x 70B)
Class org.gradle.internal.service.ServiceLookupException                              : loaded 2 times (x 82B)
Class com.google.common.base.CharMatcher$JavaLetter                                   : loaded 2 times (x 111B)
Class com.google.common.collect.ImmutableSortedSet                                    : loaded 2 times (x 300B)
Class [Lcom.google.common.cache.LocalCache$EntryFactory;                              : loaded 2 times (x 69B)
Class org.gradle.internal.classloader.ClassLoaderFactory                              : loaded 2 times (x 70B)
Class com.google.common.base.CharMatcher$IsNot                                        : loaded 2 times (x 111B)
Class com.google.common.base.CommonPattern                                            : loaded 2 times (x 74B)
Class com.google.common.cache.LocalCache$LocalManualCache                             : loaded 2 times (x 99B)
Class org.gradle.internal.service.CachingServiceLocator                               : loaded 2 times (x 82B)
Class com.google.common.collect.AbstractMapBasedMultimap$KeySet                       : loaded 2 times (x 137B)
Class com.google.common.collect.RegularImmutableSortedSet                             : loaded 2 times (x 300B)
Class com.google.common.math.IntMath                                                  : loaded 2 times (x 71B)
Class com.google.common.collect.ImmutableMapEntry                                     : loaded 2 times (x 85B)
Class com.google.common.base.Equivalence                                              : loaded 2 times (x 82B)
Class com.google.common.collect.ImmutableMapEntry$NonTerminalImmutableMapEntry        : loaded 2 times (x 85B)
Class com.google.common.base.Function                                                 : loaded 2 times (x 70B)
Class com.google.common.cache.CacheBuilder$OneWeigher                                 : loaded 2 times (x 82B)
Class com.google.common.collect.RegularImmutableList                                  : loaded 2 times (x 213B)
Class org.gradle.internal.classloader.ClasspathUtil                                   : loaded 2 times (x 71B)
Class com.google.common.util.concurrent.Uninterruptibles                              : loaded 2 times (x 71B)
Class com.google.common.collect.Maps                                                  : loaded 2 times (x 71B)
Class org.gradle.api.specs.Spec                                                       : loaded 2 times (x 70B)
Class [Lcom.google.common.collect.ImmutableEntry;                                     : loaded 2 times (x 69B)
Class com.google.common.cache.LocalCache$LoadingValueReference                        : loaded 2 times (x 96B)
Class com.google.common.base.Platform                                                 : loaded 2 times (x 71B)
Class com.google.common.collect.AbstractMapBasedMultimap$WrappedList                  : loaded 2 times (x 205B)
Class com.google.common.collect.Maps$8                                                : loaded 2 times (x 82B)
Class com.google.common.collect.ImmutableRangeSet$Builder                             : loaded 2 times (x 77B)
Class com.google.common.collect.Sets$SetView                                          : loaded 2 times (x 138B)
Class com.google.common.cache.LocalCache$StrongValueReference                         : loaded 2 times (x 90B)
Class com.google.common.util.concurrent.AbstractFuture$SynchronizedHelper             : loaded 2 times (x 78B)
Class com.google.common.graph.SuccessorsFunction                                      : loaded 2 times (x 70B)
Class org.gradle.internal.classloader.VisitableURLClassLoader$InstrumentingVisitableURLClassLoader: loaded 2 times (x 123B)
Class com.google.common.io.Files$FileByteSink                                         : loaded 2 times (x 77B)
Class [Lcom.google.common.cache.CacheBuilder$NullListener;                            : loaded 2 times (x 69B)
Class org.gradle.internal.classloader.VisitableURLClassLoader$Spec                    : loaded 2 times (x 74B)
Class org.gradle.internal.classpath.DefaultClassPath                                  : loaded 2 times (x 90B)
Class com.google.common.base.AbstractIterator                                         : loaded 2 times (x 80B)
Class com.google.common.base.CharMatcher$BitSetMatcher                                : loaded 2 times (x 112B)
Class com.google.common.io.Closer                                                     : loaded 2 times (x 78B)
Class com.google.common.collect.RegularImmutableMap$Values                            : loaded 2 times (x 207B)
Class com.google.common.collect.ImmutableSet                                          : loaded 2 times (x 145B)
Class org.gradle.internal.classloader.ClassLoaderSpec                                 : loaded 2 times (x 71B)
Class com.google.common.cache.CacheStats                                              : loaded 2 times (x 71B)
Class com.google.common.io.LineProcessor                                              : loaded 2 times (x 70B)
Class com.google.common.base.CharMatcher$Or                                           : loaded 2 times (x 112B)
Class com.google.common.io.Closer$Suppressor                                          : loaded 2 times (x 70B)
Class com.google.common.util.concurrent.AbstractFuture$Listener                       : loaded 2 times (x 72B)
Class com.google.common.base.Supplier                                                 : loaded 2 times (x 70B)
Class org.gradle.internal.classloader.VisitableURLClassLoader                         : loaded 2 times (x 117B)
Class com.google.common.util.concurrent.AbstractFuture$Waiter                         : loaded 2 times (x 72B)
Class org.gradle.internal.Cast                                                        : loaded 2 times (x 71B)
Class org.gradle.api.Action                                                           : loaded 2 times (x 70B)
Class com.google.common.base.Strings                                                  : loaded 2 times (x 71B)
Class com.google.common.collect.Sets                                                  : loaded 2 times (x 71B)
Class com.google.common.base.CharMatcher$FastMatcher                                  : loaded 2 times (x 111B)
Class com.google.common.base.Ticker                                                   : loaded 2 times (x 72B)
Class [Lcom.google.common.cache.LocalCache$Segment;                                   : loaded 2 times (x 69B)
Class com.google.common.base.Predicate                                                : loaded 2 times (x 70B)
Class [Lcom.google.common.cache.LocalCache$Strength;                                  : loaded 2 times (x 69B)
Class com.google.common.cache.CacheBuilder$1                                          : loaded 2 times (x 85B)
Class com.google.common.collect.ImmutableMap                                          : loaded 2 times (x 120B)
Class org.gradle.internal.classpath.DefaultClassPath$ImmutableUniqueList$Builder      : loaded 2 times (x 75B)
Class com.google.common.collect.AbstractRangeSet                                      : loaded 2 times (x 114B)
Class com.google.common.base.CharMatcher$NegatedFastMatcher                           : loaded 2 times (x 113B)
Class com.google.common.cache.LocalCache                                              : loaded 2 times (x 187B)
Class com.google.common.cache.CacheBuilder$2                                          : loaded 2 times (x 79B)
Class [Lcom.google.common.collect.AbstractMapEntry;                                   : loaded 2 times (x 69B)
Class com.google.common.cache.CacheBuilder$3                                          : loaded 2 times (x 72B)
Class com.google.common.collect.ImmutableEntry                                        : loaded 2 times (x 82B)
Class com.google.common.collect.ArrayListMultimap                                     : loaded 2 times (x 172B)
Class org.gradle.api.GradleException                                                  : loaded 2 times (x 82B)
Class com.google.common.base.Suppliers$MemoizingSupplier                              : loaded 2 times (x 79B)
Class com.google.common.collect.CollectPreconditions                                  : loaded 2 times (x 71B)
Class [Lcom.google.common.io.FileWriteMode;                                           : loaded 2 times (x 69B)
Class com.google.common.collect.SortedMapDifference                                   : loaded 2 times (x 70B)
Class com.google.common.io.Files                                                      : loaded 2 times (x 71B)
Class com.google.common.cache.LocalCache$EntryFactory                                 : loaded 2 times (x 83B)
Class com.google.common.base.Splitter$1$1                                             : loaded 2 times (x 86B)
Class com.google.common.cache.LocalCache$AbstractReferenceEntry                       : loaded 2 times (x 107B)
Class org.gradle.internal.IoActions                                                   : loaded 2 times (x 71B)
Class com.google.common.collect.ImmutableRangeSet$ComplementRanges                    : loaded 2 times (x 207B)
Class com.google.common.cache.CacheLoader$InvalidCacheLoadException                   : loaded 2 times (x 82B)
Class com.google.common.collect.ImmutableSet$RegularSetBuilderImpl                    : loaded 2 times (x 77B)
Class org.gradle.internal.classloader.SystemClassLoaderSpec                           : loaded 2 times (x 71B)
Class com.google.common.cache.LocalCache$StrongEntry                                  : loaded 2 times (x 108B)
Class com.google.common.util.concurrent.AbstractFuture$TrustedFuture                  : loaded 2 times (x 114B)
Class com.google.common.cache.LoadingCache                                            : loaded 2 times (x 70B)
Class com.google.common.io.ByteStreams$LimitedInputStream                             : loaded 2 times (x 92B)
Class com.google.common.base.Suppliers$NonSerializableMemoizingSupplier               : loaded 2 times (x 79B)
Class [Lcom.google.common.cache.Weigher;                                              : loaded 2 times (x 69B)
Class com.google.common.collect.RegularImmutableMap$BucketOverflowException           : loaded 2 times (x 82B)
Class com.google.common.collect.AbstractMapBasedMultimap$RandomAccessWrappedList      : loaded 2 times (x 205B)
Class com.google.common.base.CharMatcher$Negated                                      : loaded 2 times (x 113B)
Class com.google.common.base.CharMatcher$Is                                           : loaded 2 times (x 111B)
Class com.google.common.cache.LocalCache$ValueReference                               : loaded 2 times (x 70B)
Class com.google.common.base.PatternCompiler                                          : loaded 2 times (x 70B)
Class com.google.common.collect.Hashing                                               : loaded 2 times (x 71B)
Class com.google.common.util.concurrent.AbstractFuture$Failure                        : loaded 2 times (x 72B)
Class com.google.common.base.Equivalence$Equals                                       : loaded 2 times (x 82B)
Class com.google.common.base.Preconditions                                            : loaded 2 times (x 71B)
Class com.google.common.io.CharSink                                                   : loaded 2 times (x 79B)
Class com.google.common.base.CharMatcher                                              : loaded 2 times (x 111B)
Class com.google.common.base.Joiner$1                                                 : loaded 2 times (x 80B)
Class com.google.common.collect.PeekingIterator                                       : loaded 2 times (x 70B)
Class com.google.common.collect.Maps$IteratorBasedAbstractMap                         : loaded 2 times (x 125B)
Class com.google.common.collect.RangeGwtSerializationDependencies                     : loaded 2 times (x 71B)
Class com.google.common.collect.Table                                                 : loaded 2 times (x 70B)
Class com.google.common.base.CharMatcher$1                                            : loaded 2 times (x 113B)
Class com.google.common.base.CharMatcher$NamedFastMatcher                             : loaded 2 times (x 112B)
Class com.google.common.base.Joiner$2                                                 : loaded 2 times (x 79B)
Class com.google.common.cache.LocalCache$EntryFactory$1                               : loaded 2 times (x 83B)
Class [Lcom.google.common.cache.RemovalListener;                                      : loaded 2 times (x 69B)
Class com.google.common.collect.RangeSet                                              : loaded 2 times (x 70B)
Class com.google.common.cache.LocalCache$EntryFactory$2                               : loaded 2 times (x 83B)
Class org.gradle.api.internal.classpath.GlobalCacheRootsProvider                      : loaded 2 times (x 70B)
Class com.google.common.collect.CollectCollectors                                     : loaded 2 times (x 71B)
Class com.google.common.cache.LocalCache$EntryFactory$3                               : loaded 2 times (x 83B)
Class com.google.common.base.Ticker$1                                                 : loaded 2 times (x 72B)
Class com.google.common.collect.ImmutableMapEntrySet$RegularEntrySet                  : loaded 2 times (x 152B)
Class com.google.common.collect.Maps$BiMapConverter                                   : loaded 2 times (x 90B)
Class com.google.common.collect.ImmutableSet$Builder                                  : loaded 2 times (x 85B)
Class com.google.common.base.CharMatcher$InRange                                      : loaded 2 times (x 111B)
Class com.google.common.cache.LocalCache$EntryFactory$4                               : loaded 2 times (x 83B)
Class com.google.common.io.ByteStreams$1                                              : loaded 2 times (x 85B)
Class com.google.common.cache.LocalCache$EntryFactory$5                               : loaded 2 times (x 83B)
Class com.google.common.cache.LocalCache$EntryFactory$6                               : loaded 2 times (x 83B)
Class org.gradle.internal.installation.CurrentGradleInstallationLocator               : loaded 2 times (x 71B)
Class com.google.common.collect.Maps$KeySet                                           : loaded 2 times (x 137B)
Class com.google.common.cache.LocalCache$EntryFactory$7                               : loaded 2 times (x 83B)
Class com.google.common.collect.ImmutableList                                         : loaded 2 times (x 206B)
Class org.gradle.internal.service.DefaultServiceLocator                               : loaded 2 times (x 83B)
Class com.google.common.cache.LocalCache$EntryFactory$8                               : loaded 2 times (x 83B)
Class com.google.common.collect.ImmutableSet$SetBuilderImpl                           : loaded 2 times (x 76B)
Class org.gradle.internal.installation.CurrentGradleInstallation                      : loaded 2 times (x 73B)
Class com.google.common.collect.ForwardingObject                                      : loaded 2 times (x 72B)
Class com.google.common.cache.CacheLoader$1                                           : loaded 2 times (x 75B)
Class com.google.common.collect.ImmutableList$SubList                                 : loaded 2 times (x 209B)
Class org.gradle.util.internal.GUtil                                                  : loaded 2 times (x 71B)
Class com.google.common.io.ByteSource                                                 : loaded 2 times (x 84B)
Class com.google.common.util.concurrent.AbstractFuture$SetFuture                      : loaded 2 times (x 75B)
Class com.google.common.cache.AbstractCache$StatsCounter                              : loaded 2 times (x 70B)
Class com.google.common.collect.Iterators$MergingIterator                             : loaded 2 times (x 81B)
Class com.google.common.collect.RegularImmutableSet                                   : loaded 2 times (x 149B)
Class org.gradle.internal.installation.GradleInstallation                             : loaded 2 times (x 75B)
Class com.google.common.base.Splitter$Strategy                                        : loaded 2 times (x 70B)

---------------  S Y S T E M  ---------------

OS:
 Windows 11 , 64 bit Build 26100 (10.0.26100.3360)
OS uptime: 1 days 19:23 hours
Hyper-V role detected

CPU: total 16 (initial active 16) (8 cores per cpu, 2 threads per core) family 6 model 154 stepping 3 microcode 0x434, cx8, cmov, fxsr, ht, mmx, 3dnowpref, sse, sse2, sse3, ssse3, sse4.1, sse4.2, popcnt, lzcnt, tsc, tscinvbit, avx, avx2, aes, erms, clmul, bmi1, bmi2, adx, sha, fma, vzeroupper, clflush, clflushopt, clwb, hv, serialize, rdtscp, rdpid, fsrm, f16c, cet_ibt, cet_ss
Processor Information for processor 0
  Max Mhz: 2300, Current Mhz: 2300, Mhz Limit: 2300
Processor Information for processor 1
  Max Mhz: 2300, Current Mhz: 2300, Mhz Limit: 2300
Processor Information for processor 2
  Max Mhz: 2300, Current Mhz: 2300, Mhz Limit: 2300
Processor Information for processor 3
  Max Mhz: 2300, Current Mhz: 2300, Mhz Limit: 2300
Processor Information for processor 4
  Max Mhz: 2300, Current Mhz: 2300, Mhz Limit: 2300
Processor Information for processor 5
  Max Mhz: 2300, Current Mhz: 2300, Mhz Limit: 2300
Processor Information for processor 6
  Max Mhz: 2300, Current Mhz: 2300, Mhz Limit: 2300
Processor Information for processor 7
  Max Mhz: 2300, Current Mhz: 2300, Mhz Limit: 2300
Processor Information for processor 8
  Max Mhz: 2300, Current Mhz: 2300, Mhz Limit: 2300
Processor Information for processor 9
  Max Mhz: 2300, Current Mhz: 2300, Mhz Limit: 2300
Processor Information for processor 10
  Max Mhz: 2300, Current Mhz: 2300, Mhz Limit: 2300
Processor Information for processor 11
  Max Mhz: 2300, Current Mhz: 2300, Mhz Limit: 2300
Processor Information for processor 12
  Max Mhz: 2300, Current Mhz: 2164, Mhz Limit: 2300
Processor Information for processor 13
  Max Mhz: 2300, Current Mhz: 2164, Mhz Limit: 2300
Processor Information for processor 14
  Max Mhz: 2300, Current Mhz: 1488, Mhz Limit: 2300
Processor Information for processor 15
  Max Mhz: 2300, Current Mhz: 2164, Mhz Limit: 2300

Memory: 4k page, system-wide physical 16051M (974M free)
TotalPageFile size 41051M (AvailPageFile size 6M)
current process WorkingSet (physical memory assigned to process): 1434M, peak: 1434M
current process commit charge ("private bytes"): 1881M, peak: 1881M

vm_info: OpenJDK 64-Bit Server VM (21.0.8+-14196175-b1038.72) for windows-amd64 JRE (21.0.8+-14196175-b1038.72), built on 2025-10-01T10:24:33Z by "builder" with MS VC++ 16.10 / 16.11 (VS2019)

END.
