#
# There is insufficient memory for the Java Runtime Environment to continue.
# Native memory allocation (malloc) failed to allocate 2045936 bytes. Error detail: Chunk::new
# Possible reasons:
#   The system is out of physical RAM or swap space
#   This process is running with CompressedOops enabled, and the Java Heap may be blocking the growth of the native heap
# Possible solutions:
#   Reduce memory load on the system
#   Increase physical memory or swap space
#   Check if swap backing store is full
#   Decrease Java heap size (-Xmx/-Xms)
#   Decrease number of Java threads
#   Decrease Java thread stack sizes (-Xss)
#   Set larger code cache with -XX:ReservedCodeCacheSize=
#   JVM is running with Zero Based Compressed Oops mode in which the Java heap is
#     placed in the first 32GB address space. The Java Heap base address is the
#     maximum limit for the native heap growth. Please use -XX:HeapBaseMinAddress
#     to set the Java Heap base and to place the Java Heap above 32GB virtual address.
# This output file may be truncated or incomplete.
#
#  Out of Memory Error (arena.cpp:168), pid=24104, tid=4580
#
# JRE version: OpenJDK Runtime Environment (21.0.8) (build 21.0.8+-14196175-b1038.72)
# Java VM: OpenJDK 64-Bit Server VM (21.0.8+-14196175-b1038.72, mixed mode, tiered, compressed oops, compressed class ptrs, parallel gc, windows-amd64)
# No core dump will be written. Minidumps are not enabled by default on client versions of Windows
#

---------------  S U M M A R Y ------------

Command Line: --add-opens=java.base/java.lang=ALL-UNNAMED --add-opens=java.base/java.lang.invoke=ALL-UNNAMED --add-opens=java.base/java.util=ALL-UNNAMED --add-opens=java.prefs/java.util.prefs=ALL-UNNAMED --add-exports=jdk.compiler/com.sun.tools.javac.api=ALL-UNNAMED --add-exports=jdk.compiler/com.sun.tools.javac.util=ALL-UNNAMED --add-opens=java.base/java.util=ALL-UNNAMED --add-opens=java.prefs/java.util.prefs=ALL-UNNAMED --add-opens=java.base/java.nio.charset=ALL-UNNAMED --add-opens=java.base/java.net=ALL-UNNAMED --add-opens=java.base/java.util.concurrent.atomic=ALL-UNNAMED --add-opens=java.xml/javax.xml.namespace=ALL-UNNAMED -XX:+HeapDumpOnOutOfMemoryError -XX:+UseParallelGC -Xmx4096m -Dfile.encoding=UTF-8 -Duser.country=CN -Duser.language=zh -Duser.variant -javaagent:C:\Users\gyyzkczx\.gradle\wrapper\dists\gradle-8.13-bin\5xuhj0ry160q40clulazy9h7d\gradle-8.13\lib\agents\gradle-instrumentation-agent-8.13.jar org.gradle.launcher.daemon.bootstrap.GradleDaemon 8.13

Host: 12th Gen Intel(R) Core(TM) i7-12650H, 16 cores, 15G,  Windows 11 , 64 bit Build 26100 (10.0.26100.3360)
Time: Fri May 22 14:25:17 2026 elapsed time: 231.673704 seconds (0d 0h 3m 51s)

---------------  T H R E A D  ---------------

Current thread (0x0000023405ed6da0):  JavaThread "C2 CompilerThread4" daemon [_thread_in_native, id=4580, stack(0x000000f535300000,0x000000f535400000) (1024K)]


Current CompileTask:
C2:231674 33786 %     4       com.android.tools.r8.internal.rT::a @ 14 (2024 bytes)

Stack: [0x000000f535300000,0x000000f535400000]
Native frames: (J=compiled Java code, j=interpreted, Vv=VM code, C=native code)
V  [jvm.dll+0x6d68d9]
V  [jvm.dll+0x866693]
V  [jvm.dll+0x868c4e]
V  [jvm.dll+0x869333]
V  [jvm.dll+0x280566]
V  [jvm.dll+0xc07cd]
V  [jvm.dll+0xc0d03]
V  [jvm.dll+0x3b95e1]
V  [jvm.dll+0x385507]
V  [jvm.dll+0x38497a]
V  [jvm.dll+0x249252]
V  [jvm.dll+0x248821]
V  [jvm.dll+0x1c73a4]
V  [jvm.dll+0x257f9e]
V  [jvm.dll+0x2564e6]
V  [jvm.dll+0x3f4696]
V  [jvm.dll+0x80eac8]
V  [jvm.dll+0x6d512d]
C  [ucrtbase.dll+0x37b0]
C  [KERNEL32.DLL+0x2e8d7]
C  [ntdll.dll+0xb197c]


---------------  P R O C E S S  ---------------

Threads class SMR info:
_java_thread_list=0x00000234080bc860, length=248, elements={
0x000002344e87eb80, 0x000002346f450ba0, 0x000002346f49f720, 0x000002346f474520,
0x000002346f48be30, 0x000002346f48c890, 0x000002346f49ff90, 0x000002346f4a09f0,
0x000002346f4a3790, 0x000002346f4a5910, 0x0000023471395590, 0x0000023472e00ba0,
0x0000023472fb32f0, 0x0000023472e75260, 0x0000023473015660, 0x00000234730142b0,
0x0000023473015cf0, 0x0000023474d94c50, 0x0000023474d97a40, 0x0000023474d95970,
0x00000234746d4890, 0x0000023473466780, 0x0000023475fe3790, 0x0000023475fe3100,
0x0000023475fe3e20, 0x0000023475fe44b0, 0x0000023475fe1030, 0x0000023475fe1d50,
0x0000023475fe16c0, 0x0000023475fe51d0, 0x0000023475fe5860, 0x0000023475fe2a70,
0x0000023475fe6c10, 0x0000023475fe72a0, 0x0000023475fe8650, 0x00000234746d2130,
0x00000234746d27c0, 0x00000234746d2e50, 0x00000234746d34e0, 0x00000234746d0060,
0x00000234746d1aa0, 0x00000234746d06f0, 0x00000234746d0d80, 0x00000234746d6ff0,
0x0000023473468ee0, 0x000002347346c9f0, 0x000002347346a920, 0x000002347346d080,
0x000002347346d710, 0x000002347346afb0, 0x000002347346b640, 0x000002347346bcd0,
0x000002347346c360, 0x0000023474d96000, 0x0000023474d952e0, 0x0000023474d99480,
0x0000023474d98df0, 0x0000023474d96690, 0x0000023473016380, 0x0000023473016a10,
0x0000023473013590, 0x0000023473013c20, 0x0000023473014940, 0x000002347d4d93b0,
0x000002347d4d8000, 0x000002347d4da760, 0x000002347d4d72e0, 0x000002347d4da0d0,
0x000002347d4d7970, 0x000002347d4db480, 0x000002347d4dadf0, 0x000002347d4d9a40,
0x000002347d4dbb10, 0x000002347d4dc1a0, 0x000002347d4d8d20, 0x000002347d4dc830,
0x000002347d4dcec0, 0x000002347d4dd550, 0x000002347d4ddbe0, 0x000002347d4de270,
0x000002347d4de900, 0x000002347db2f070, 0x000002347db30420, 0x000002347db2cfa0,
0x000002347db2e350, 0x000002347db2fd90, 0x000002347db2e9e0, 0x000002347db2dcc0,
0x000002347db2d630, 0x000002347db33210, 0x000002347db324f0, 0x000002347db32b80,
0x00000234768ef980, 0x00000234768f06a0, 0x00000234768ed220, 0x00000234768ee5d0,
0x00000234768eec60, 0x00000234768ef2f0, 0x00000234768f0d30, 0x00000234768ed8b0,
0x00000234768f41b0, 0x00000234768f3490, 0x00000234768f1a50, 0x00000234768f4840,
0x0000023473596480, 0x0000023473599900, 0x0000023473598550, 0x0000023473598be0,
0x0000023473597830, 0x0000023473596b10, 0x0000023473599270, 0x0000023473599f90,
0x000002347359a620, 0x00000234735971a0, 0x000002347359b340, 0x0000023473597ec0,
0x000002347359b9d0, 0x000002347359c6f0, 0x000002347359c060, 0x000002347359cd80,
0x000002347359d410, 0x000002347359acb0, 0x000002347d45ac40, 0x000002347d45c680,
0x000002347d45e0c0, 0x000002347d45b960, 0x000002347d45cd10, 0x000002347d45e750,
0x000002347d45bff0, 0x000002347d45d3a0, 0x000002347d45da30, 0x000002347d45b2d0,
0x000002347d460190, 0x000002347d45ede0, 0x000002347d45fb00, 0x000002347d461540,
0x000002347d460820, 0x000002347d461bd0, 0x000002347d462260, 0x000002347d460eb0,
0x000002347d4628f0, 0x000002347d45f470, 0x000002347d4649c0, 0x000002347d462f80,
0x000002347d466400, 0x000002347d463610, 0x000002347d466a90, 0x000002347d465050,
0x000002347d4656e0, 0x000002347d465d70, 0x000002347d467120, 0x000002347d463ca0,
0x000002347d4677b0, 0x000002347d464330, 0x000002347d468b60, 0x000002347d4684d0,
0x000002347d469880, 0x000002347d4691f0, 0x000002347d467e40, 0x000002347d469f10,
0x000002347dafe140, 0x000002347daff4f0, 0x000002347dafc700, 0x000002347dafee60,
0x000002347dafc070, 0x000002347dafcd90, 0x000002347daffb80, 0x000002347dafdab0,
0x000002347db00210, 0x000002347dafd420, 0x000002347db00f30, 0x000002347db022e0,
0x000002347db01c50, 0x000002347db02970, 0x000002347db015c0, 0x000002347db03000,
0x000002347db03690, 0x000002347dedcaa0, 0x000002347dedde50, 0x000002347dedb060,
0x000002347dedd130, 0x000002347dedd7c0, 0x000002347dede4e0, 0x000002347dedeb70,
0x000002347dedb6f0, 0x000002347dedf200, 0x000002347dedbd80, 0x000002347dedf890,
0x000002347dedc410, 0x000002347dee0c40, 0x000002347dee12d0, 0x000002347dee05b0,
0x000002347dee1960, 0x000002347dee1ff0, 0x000002347dee2680, 0x000002347dedff20,
0x000002347591c320, 0x000002347591d6d0, 0x000002347591c9b0, 0x000002347591bc90,
0x000002347591d040, 0x000002347591a8e0, 0x000002347591af70, 0x000002347591e3f0,
0x000002347591dd60, 0x000002347591ea80, 0x000002347591b600, 0x0000023475920b50,
0x00000234759211e0, 0x0000023475921870, 0x000002347591fe30, 0x00000234759204c0,
0x0000023475921f00, 0x000002347591f110, 0x0000023475922590, 0x0000023475922c20,
0x0000023475924660, 0x0000023475925a10, 0x0000023475924cf0, 0x00000234759232b0,
0x0000023475926dc0, 0x0000023475927450, 0x0000023475923fd0, 0x0000023475927ae0,
0x0000023475928170, 0x0000023475928800, 0x0000023475929520, 0x0000023475928e90,
0x0000023475929bb0, 0x000002347d56a790, 0x000002347d56ae20, 0x000002347d5686c0,
0x000002347d56b4b0, 0x000002347d568030, 0x000002347d5693e0, 0x000002347d56bb40,
0x000002347d56cef0, 0x000002347d56c1d0, 0x000002347d569a70, 0x000002347d56e930,
0x000002347d56d580, 0x000002347d56f650, 0x00000234762423d0, 0x0000023474e9a2d0,
0x0000023405ed6000, 0x0000023405ed66d0, 0x0000023405ed5930, 0x0000023405ed6da0
}

Java Threads: ( => current thread )
  0x000002344e87eb80 JavaThread "main"                              [_thread_blocked, id=14280, stack(0x000000f526900000,0x000000f526a00000) (1024K)]
  0x000002346f450ba0 JavaThread "Common-Cleaner"             daemon [_thread_blocked, id=30232, stack(0x000000f526d00000,0x000000f526e00000) (1024K)]
  0x000002346f49f720 JavaThread "Reference Handler"          daemon [_thread_blocked, id=4204, stack(0x000000f526e00000,0x000000f526f00000) (1024K)]
  0x000002346f474520 JavaThread "Finalizer"                  daemon [_thread_blocked, id=16324, stack(0x000000f526f00000,0x000000f527000000) (1024K)]
  0x000002346f48be30 JavaThread "Signal Dispatcher"          daemon [_thread_blocked, id=19252, stack(0x000000f527000000,0x000000f527100000) (1024K)]
  0x000002346f48c890 JavaThread "Attach Listener"            daemon [_thread_blocked, id=18760, stack(0x000000f527100000,0x000000f527200000) (1024K)]
  0x000002346f49ff90 JavaThread "Service Thread"             daemon [_thread_blocked, id=10936, stack(0x000000f527200000,0x000000f527300000) (1024K)]
  0x000002346f4a09f0 JavaThread "Monitor Deflation Thread"   daemon [_thread_blocked, id=30144, stack(0x000000f527300000,0x000000f527400000) (1024K)]
  0x000002346f4a3790 JavaThread "C2 CompilerThread0"         daemon [_thread_blocked, id=27732, stack(0x000000f527400000,0x000000f527500000) (1024K)]
  0x000002346f4a5910 JavaThread "C1 CompilerThread0"         daemon [_thread_blocked, id=9976, stack(0x000000f527500000,0x000000f527600000) (1024K)]
  0x0000023471395590 JavaThread "Notification Thread"        daemon [_thread_blocked, id=25488, stack(0x000000f527900000,0x000000f527a00000) (1024K)]
  0x0000023472e00ba0 JavaThread "Daemon health stats"               [_thread_blocked, id=23664, stack(0x000000f527a00000,0x000000f527b00000) (1024K)]
  0x0000023472fb32f0 JavaThread "Incoming local TCP Connector on port 59525"        [_thread_in_native, id=4676, stack(0x000000f528300000,0x000000f528400000) (1024K)]
  0x0000023472e75260 JavaThread "Daemon periodic checks"            [_thread_blocked, id=24820, stack(0x000000f528600000,0x000000f528700000) (1024K)]
  0x0000023473015660 JavaThread "Cache worker for journal cache (C:\Users\gyyzkczx\.gradle\caches\journal-1)"        [_thread_blocked, id=21496, stack(0x000000f528400000,0x000000f528500000) (1024K)]
  0x00000234730142b0 JavaThread "File lock request listener"        [_thread_in_native, id=23112, stack(0x000000f529100000,0x000000f529200000) (1024K)]
  0x0000023473015cf0 JavaThread "Cache worker for file hash cache (C:\Users\gyyzkczx\.gradle\caches\8.13\fileHashes)"        [_thread_blocked, id=11752, stack(0x000000f529200000,0x000000f529300000) (1024K)]
  0x0000023474d94c50 JavaThread "File watcher server"        daemon [_thread_blocked, id=22512, stack(0x000000f529700000,0x000000f529800000) (1024K)]
  0x0000023474d97a40 JavaThread "File watcher consumer"      daemon [_thread_blocked, id=16760, stack(0x000000f529800000,0x000000f529900000) (1024K)]
  0x0000023474d95970 JavaThread "Cache worker for file content cache (C:\Users\gyyzkczx\.gradle\caches\8.13\fileContent)"        [_thread_blocked, id=29964, stack(0x000000f529a00000,0x000000f529b00000) (1024K)]
  0x00000234746d4890 JavaThread "Memory manager"                    [_thread_blocked, id=20892, stack(0x000000f52ca00000,0x000000f52cb00000) (1024K)]
  0x0000023473466780 JavaThread "pool-3-thread-1"                   [_thread_blocked, id=25424, stack(0x000000f527700000,0x000000f527800000) (1024K)]
  0x0000023475fe3790 JavaThread "Daemon Thread 2"                   [_thread_blocked, id=25556, stack(0x000000f526600000,0x000000f526700000) (1024K)]
  0x0000023475fe3100 JavaThread "Handler for socket connection from /127.0.0.1:59525 to /127.0.0.1:64130"        [_thread_in_native, id=25060, stack(0x000000f526800000,0x000000f526900000) (1024K)]
  0x0000023475fe3e20 JavaThread "Cancel handler"                    [_thread_blocked, id=20020, stack(0x000000f527600000,0x000000f527700000) (1024K)]
  0x0000023475fe44b0 JavaThread "Daemon worker Thread 2"            [_thread_blocked, id=28920, stack(0x000000f527800000,0x000000f527900000) (1024K)]
  0x0000023475fe1030 JavaThread "Asynchronous log dispatcher for DefaultDaemonConnection: socket connection from /127.0.0.1:59525 to /127.0.0.1:64130"        [_thread_blocked, id=25520, stack(0x000000f528500000,0x000000f528600000) (1024K)]
  0x0000023475fe1d50 JavaThread "Stdin handler"                     [_thread_blocked, id=28956, stack(0x000000f528700000,0x000000f528800000) (1024K)]
  0x0000023475fe16c0 JavaThread "Daemon client event forwarder"        [_thread_blocked, id=8728, stack(0x000000f528800000,0x000000f528900000) (1024K)]
  0x0000023475fe51d0 JavaThread "Cache worker for file hash cache (E:\programCodeVersion2.0(DeepSeek)\client\.gradle\8.13\fileHashes)"        [_thread_blocked, id=26400, stack(0x000000f528900000,0x000000f528a00000) (1024K)]
  0x0000023475fe5860 JavaThread "Cache worker for checksums cache (E:\programCodeVersion2.0(DeepSeek)\client\.gradle\8.13\checksums)"        [_thread_blocked, id=22076, stack(0x000000f528a00000,0x000000f528b00000) (1024K)]
  0x0000023475fe2a70 JavaThread "Cache worker for Build Output Cleanup Cache (E:\programCodeVersion2.0(DeepSeek)\client\.gradle\buildOutputCleanup)"        [_thread_blocked, id=17080, stack(0x000000f528b00000,0x000000f528c00000) (1024K)]
  0x0000023475fe6c10 JavaThread "jar transforms"                    [_thread_blocked, id=30044, stack(0x000000f528c00000,0x000000f528d00000) (1024K)]
  0x0000023475fe72a0 JavaThread "jar transforms Thread 2"           [_thread_blocked, id=24176, stack(0x000000f529300000,0x000000f529400000) (1024K)]
  0x0000023475fe8650 JavaThread "jar transforms Thread 3"           [_thread_blocked, id=19112, stack(0x000000f529400000,0x000000f529500000) (1024K)]
  0x00000234746d2130 JavaThread "Cache worker for cache directory md-supplier (C:\Users\gyyzkczx\.gradle\caches\8.13\md-supplier)"        [_thread_blocked, id=17404, stack(0x000000f529500000,0x000000f529600000) (1024K)]
  0x00000234746d27c0 JavaThread "Cache worker for cache directory md-rule (C:\Users\gyyzkczx\.gradle\caches\8.13\md-rule)"        [_thread_blocked, id=29712, stack(0x000000f529600000,0x000000f529700000) (1024K)]
  0x00000234746d2e50 JavaThread "Unconstrained build operations"        [_thread_blocked, id=21552, stack(0x000000f529900000,0x000000f529a00000) (1024K)]
  0x00000234746d34e0 JavaThread "Unconstrained build operations Thread 2"        [_thread_blocked, id=6984, stack(0x000000f529b00000,0x000000f529c00000) (1024K)]
  0x00000234746d0060 JavaThread "Unconstrained build operations Thread 3"        [_thread_blocked, id=10508, stack(0x000000f529c00000,0x000000f529d00000) (1024K)]
  0x00000234746d1aa0 JavaThread "Unconstrained build operations Thread 4"        [_thread_blocked, id=9900, stack(0x000000f529d00000,0x000000f529e00000) (1024K)]
  0x00000234746d06f0 JavaThread "Unconstrained build operations Thread 5"        [_thread_blocked, id=5688, stack(0x000000f529e00000,0x000000f529f00000) (1024K)]
  0x00000234746d0d80 JavaThread "Unconstrained build operations Thread 6"        [_thread_blocked, id=19828, stack(0x000000f529f00000,0x000000f52a000000) (1024K)]
  0x00000234746d6ff0 JavaThread "Unconstrained build operations Thread 7"        [_thread_blocked, id=30224, stack(0x000000f52a000000,0x000000f52a100000) (1024K)]
  0x0000023473468ee0 JavaThread "Unconstrained build operations Thread 8"        [_thread_blocked, id=13904, stack(0x000000f52a100000,0x000000f52a200000) (1024K)]
  0x000002347346c9f0 JavaThread "Unconstrained build operations Thread 9"        [_thread_blocked, id=14304, stack(0x000000f52a200000,0x000000f52a300000) (1024K)]
  0x000002347346a920 JavaThread "Unconstrained build operations Thread 10"        [_thread_blocked, id=17132, stack(0x000000f52a300000,0x000000f52a400000) (1024K)]
  0x000002347346d080 JavaThread "jar transforms Thread 4"           [_thread_blocked, id=9312, stack(0x000000f52a400000,0x000000f52a500000) (1024K)]
  0x000002347346d710 JavaThread "jar transforms Thread 5"           [_thread_blocked, id=17092, stack(0x000000f52a500000,0x000000f52a600000) (1024K)]
  0x000002347346afb0 JavaThread "Unconstrained build operations Thread 11"        [_thread_blocked, id=22252, stack(0x000000f52a600000,0x000000f52a700000) (1024K)]
  0x000002347346b640 JavaThread "Unconstrained build operations Thread 12"        [_thread_blocked, id=29288, stack(0x000000f52a700000,0x000000f52a800000) (1024K)]
  0x000002347346bcd0 JavaThread "Unconstrained build operations Thread 13"        [_thread_blocked, id=20184, stack(0x000000f52a800000,0x000000f52a900000) (1024K)]
  0x000002347346c360 JavaThread "Unconstrained build operations Thread 14"        [_thread_blocked, id=7984, stack(0x000000f52a900000,0x000000f52aa00000) (1024K)]
  0x0000023474d96000 JavaThread "Unconstrained build operations Thread 15"        [_thread_blocked, id=16808, stack(0x000000f52aa00000,0x000000f52ab00000) (1024K)]
  0x0000023474d952e0 JavaThread "jar transforms Thread 6"           [_thread_blocked, id=4464, stack(0x000000f52ac00000,0x000000f52ad00000) (1024K)]
  0x0000023474d99480 JavaThread "jar transforms Thread 7"           [_thread_blocked, id=29036, stack(0x000000f52ad00000,0x000000f52ae00000) (1024K)]
  0x0000023474d98df0 JavaThread "jar transforms Thread 8"           [_thread_blocked, id=14888, stack(0x000000f52ae00000,0x000000f52af00000) (1024K)]
  0x0000023474d96690 JavaThread "Configuration cache report writer"        [_thread_blocked, id=27908, stack(0x000000f52af00000,0x000000f52b000000) (1024K)]
  0x0000023473016380 JavaThread "Unconstrained build operations Thread 16"        [_thread_blocked, id=20564, stack(0x000000f52b000000,0x000000f52b100000) (1024K)]
  0x0000023473016a10 JavaThread "Unconstrained build operations Thread 17"        [_thread_blocked, id=21620, stack(0x000000f52b100000,0x000000f52b200000) (1024K)]
  0x0000023473013590 JavaThread "Unconstrained build operations Thread 18"        [_thread_blocked, id=24684, stack(0x000000f52b200000,0x000000f52b300000) (1024K)]
  0x0000023473013c20 JavaThread "Unconstrained build operations Thread 19"        [_thread_blocked, id=20800, stack(0x000000f52b300000,0x000000f52b400000) (1024K)]
  0x0000023473014940 JavaThread "Unconstrained build operations Thread 20"        [_thread_blocked, id=14968, stack(0x000000f52b400000,0x000000f52b500000) (1024K)]
  0x000002347d4d93b0 JavaThread "Unconstrained build operations Thread 21"        [_thread_blocked, id=19816, stack(0x000000f52b500000,0x000000f52b600000) (1024K)]
  0x000002347d4d8000 JavaThread "Unconstrained build operations Thread 22"        [_thread_blocked, id=22936, stack(0x000000f52b600000,0x000000f52b700000) (1024K)]
  0x000002347d4da760 JavaThread "Unconstrained build operations Thread 23"        [_thread_blocked, id=10736, stack(0x000000f52b700000,0x000000f52b800000) (1024K)]
  0x000002347d4d72e0 JavaThread "Unconstrained build operations Thread 24"        [_thread_blocked, id=1396, stack(0x000000f52b800000,0x000000f52b900000) (1024K)]
  0x000002347d4da0d0 JavaThread "Unconstrained build operations Thread 25"        [_thread_blocked, id=24304, stack(0x000000f52b900000,0x000000f52ba00000) (1024K)]
  0x000002347d4d7970 JavaThread "Unconstrained build operations Thread 26"        [_thread_blocked, id=29832, stack(0x000000f52ba00000,0x000000f52bb00000) (1024K)]
  0x000002347d4db480 JavaThread "Unconstrained build operations Thread 27"        [_thread_blocked, id=21536, stack(0x000000f52bb00000,0x000000f52bc00000) (1024K)]
  0x000002347d4dadf0 JavaThread "Unconstrained build operations Thread 28"        [_thread_blocked, id=23984, stack(0x000000f52bc00000,0x000000f52bd00000) (1024K)]
  0x000002347d4d9a40 JavaThread "Unconstrained build operations Thread 29"        [_thread_blocked, id=1956, stack(0x000000f52bd00000,0x000000f52be00000) (1024K)]
  0x000002347d4dbb10 JavaThread "Unconstrained build operations Thread 30"        [_thread_blocked, id=7444, stack(0x000000f52be00000,0x000000f52bf00000) (1024K)]
  0x000002347d4dc1a0 JavaThread "Unconstrained build operations Thread 31"        [_thread_blocked, id=20956, stack(0x000000f52bf00000,0x000000f52c000000) (1024K)]
  0x000002347d4d8d20 JavaThread "Unconstrained build operations Thread 32"        [_thread_blocked, id=14388, stack(0x000000f52c000000,0x000000f52c100000) (1024K)]
  0x000002347d4dc830 JavaThread "Unconstrained build operations Thread 33"        [_thread_blocked, id=16820, stack(0x000000f52c100000,0x000000f52c200000) (1024K)]
  0x000002347d4dcec0 JavaThread "Unconstrained build operations Thread 34"        [_thread_blocked, id=23304, stack(0x000000f52c200000,0x000000f52c300000) (1024K)]
  0x000002347d4dd550 JavaThread "Unconstrained build operations Thread 35"        [_thread_blocked, id=21880, stack(0x000000f52c300000,0x000000f52c400000) (1024K)]
  0x000002347d4ddbe0 JavaThread "Unconstrained build operations Thread 36"        [_thread_blocked, id=30648, stack(0x000000f52c400000,0x000000f52c500000) (1024K)]
  0x000002347d4de270 JavaThread "Unconstrained build operations Thread 37"        [_thread_blocked, id=23648, stack(0x000000f52c500000,0x000000f52c600000) (1024K)]
  0x000002347d4de900 JavaThread "Unconstrained build operations Thread 38"        [_thread_blocked, id=25700, stack(0x000000f52c600000,0x000000f52c700000) (1024K)]
  0x000002347db2f070 JavaThread "Unconstrained build operations Thread 39"        [_thread_blocked, id=11816, stack(0x000000f52c700000,0x000000f52c800000) (1024K)]
  0x000002347db30420 JavaThread "Unconstrained build operations Thread 40"        [_thread_blocked, id=19908, stack(0x000000f52c800000,0x000000f52c900000) (1024K)]
  0x000002347db2cfa0 JavaThread "Unconstrained build operations Thread 41"        [_thread_blocked, id=15068, stack(0x000000f52c900000,0x000000f52ca00000) (1024K)]
  0x000002347db2e350 JavaThread "Unconstrained build operations Thread 42"        [_thread_blocked, id=17688, stack(0x000000f52cb00000,0x000000f52cc00000) (1024K)]
  0x000002347db2fd90 JavaThread "Unconstrained build operations Thread 43"        [_thread_blocked, id=17960, stack(0x000000f52cc00000,0x000000f52cd00000) (1024K)]
  0x000002347db2e9e0 JavaThread "Unconstrained build operations Thread 44"        [_thread_blocked, id=6544, stack(0x000000f52cd00000,0x000000f52ce00000) (1024K)]
  0x000002347db2dcc0 JavaThread "Unconstrained build operations Thread 45"        [_thread_blocked, id=28024, stack(0x000000f52ce00000,0x000000f52cf00000) (1024K)]
  0x000002347db2d630 JavaThread "build event listener"              [_thread_blocked, id=26288, stack(0x000000f52d300000,0x000000f52d400000) (1024K)]
  0x000002347db33210 JavaThread "build event listener"              [_thread_blocked, id=27632, stack(0x000000f52d100000,0x000000f52d200000) (1024K)]
  0x000002347db324f0 JavaThread "pool-6-thread-1"                   [_thread_blocked, id=512, stack(0x000000f52d500000,0x000000f52d600000) (1024K)]
  0x000002347db32b80 JavaThread "build event listener"              [_thread_blocked, id=26376, stack(0x000000f52d600000,0x000000f52d700000) (1024K)]
  0x00000234768ef980 JavaThread "Build operations"                  [_thread_blocked, id=1920, stack(0x000000f52d700000,0x000000f52d800000) (1024K)]
  0x00000234768f06a0 JavaThread "Unconstrained build operations Thread 46"        [_thread_blocked, id=22232, stack(0x000000f52d000000,0x000000f52d100000) (1024K)]
  0x00000234768ed220 JavaThread "Unconstrained build operations Thread 47"        [_thread_blocked, id=13520, stack(0x000000f52d800000,0x000000f52d900000) (1024K)]
  0x00000234768ee5d0 JavaThread "Unconstrained build operations Thread 48"        [_thread_blocked, id=29828, stack(0x000000f52d900000,0x000000f52da00000) (1024K)]
  0x00000234768eec60 JavaThread "Unconstrained build operations Thread 49"        [_thread_blocked, id=22944, stack(0x000000f52da00000,0x000000f52db00000) (1024K)]
  0x00000234768ef2f0 JavaThread "Unconstrained build operations Thread 50"        [_thread_blocked, id=27028, stack(0x000000f52db00000,0x000000f52dc00000) (1024K)]
  0x00000234768f0d30 JavaThread "Unconstrained build operations Thread 51"        [_thread_blocked, id=13224, stack(0x000000f52dc00000,0x000000f52dd00000) (1024K)]
  0x00000234768ed8b0 JavaThread "Unconstrained build operations Thread 52"        [_thread_blocked, id=10788, stack(0x000000f52dd00000,0x000000f52de00000) (1024K)]
  0x00000234768f41b0 JavaThread "Unconstrained build operations Thread 53"        [_thread_blocked, id=26216, stack(0x000000f52de00000,0x000000f52df00000) (1024K)]
  0x00000234768f3490 JavaThread "Unconstrained build operations Thread 54"        [_thread_blocked, id=26688, stack(0x000000f52df00000,0x000000f52e000000) (1024K)]
  0x00000234768f1a50 JavaThread "Unconstrained build operations Thread 55"        [_thread_blocked, id=20428, stack(0x000000f52e000000,0x000000f52e100000) (1024K)]
  0x00000234768f4840 JavaThread "Unconstrained build operations Thread 56"        [_thread_blocked, id=22752, stack(0x000000f52e100000,0x000000f52e200000) (1024K)]
  0x0000023473596480 JavaThread "Build operations Thread 2"         [_thread_blocked, id=12788, stack(0x000000f52d400000,0x000000f52d500000) (1024K)]
  0x0000023473599900 JavaThread "included builds"                   [_thread_blocked, id=18472, stack(0x000000f52d200000,0x000000f52d300000) (1024K)]
  0x0000023473598550 JavaThread "Execution worker"                  [_thread_blocked, id=2080, stack(0x000000f52e400000,0x000000f52e500000) (1024K)]
  0x0000023473598be0 JavaThread "Execution worker Thread 2"         [_thread_blocked, id=26436, stack(0x000000f52e500000,0x000000f52e600000) (1024K)]
  0x0000023473597830 JavaThread "Execution worker Thread 3"         [_thread_blocked, id=7816, stack(0x000000f52e600000,0x000000f52e700000) (1024K)]
  0x0000023473596b10 JavaThread "Execution worker Thread 4"         [_thread_blocked, id=9924, stack(0x000000f52e700000,0x000000f52e800000) (1024K)]
  0x0000023473599270 JavaThread "Execution worker Thread 5"         [_thread_blocked, id=20540, stack(0x000000f52e800000,0x000000f52e900000) (1024K)]
  0x0000023473599f90 JavaThread "Execution worker Thread 6"         [_thread_blocked, id=13712, stack(0x000000f52e900000,0x000000f52ea00000) (1024K)]
  0x000002347359a620 JavaThread "Execution worker Thread 7"         [_thread_blocked, id=8736, stack(0x000000f52ea00000,0x000000f52eb00000) (1024K)]
  0x00000234735971a0 JavaThread "Execution worker Thread 8"         [_thread_blocked, id=21456, stack(0x000000f52eb00000,0x000000f52ec00000) (1024K)]
  0x000002347359b340 JavaThread "Execution worker Thread 9"         [_thread_blocked, id=18972, stack(0x000000f52ec00000,0x000000f52ed00000) (1024K)]
  0x0000023473597ec0 JavaThread "Execution worker Thread 10"        [_thread_blocked, id=4152, stack(0x000000f52ed00000,0x000000f52ee00000) (1024K)]
  0x000002347359b9d0 JavaThread "Execution worker Thread 11"        [_thread_blocked, id=30240, stack(0x000000f52ee00000,0x000000f52ef00000) (1024K)]
  0x000002347359c6f0 JavaThread "Execution worker Thread 12"        [_thread_blocked, id=21184, stack(0x000000f52ef00000,0x000000f52f000000) (1024K)]
  0x000002347359c060 JavaThread "Execution worker Thread 13"        [_thread_blocked, id=28188, stack(0x000000f52f000000,0x000000f52f100000) (1024K)]
  0x000002347359cd80 JavaThread "Execution worker Thread 14"        [_thread_blocked, id=24184, stack(0x000000f52f100000,0x000000f52f200000) (1024K)]
  0x000002347359d410 JavaThread "Execution worker Thread 15"        [_thread_blocked, id=26424, stack(0x000000f52f200000,0x000000f52f300000) (1024K)]
  0x000002347359acb0 JavaThread "Cache worker for execution history cache (E:\programCodeVersion2.0(DeepSeek)\client\.gradle\8.13\executionHistory)"        [_thread_blocked, id=9728, stack(0x000000f52f300000,0x000000f52f400000) (1024K)]
  0x000002347d45ac40 JavaThread "Unconstrained build operations Thread 57"        [_thread_blocked, id=25344, stack(0x000000f52f500000,0x000000f52f600000) (1024K)]
  0x000002347d45c680 JavaThread "Unconstrained build operations Thread 58"        [_thread_blocked, id=3532, stack(0x000000f52f600000,0x000000f52f700000) (1024K)]
  0x000002347d45e0c0 JavaThread "Unconstrained build operations Thread 59"        [_thread_blocked, id=30128, stack(0x000000f52f700000,0x000000f52f800000) (1024K)]
  0x000002347d45b960 JavaThread "Unconstrained build operations Thread 60"        [_thread_blocked, id=26820, stack(0x000000f52f800000,0x000000f52f900000) (1024K)]
  0x000002347d45cd10 JavaThread "Unconstrained build operations Thread 61"        [_thread_blocked, id=21032, stack(0x000000f52f900000,0x000000f52fa00000) (1024K)]
  0x000002347d45e750 JavaThread "Unconstrained build operations Thread 62"        [_thread_blocked, id=25548, stack(0x000000f52fa00000,0x000000f52fb00000) (1024K)]
  0x000002347d45bff0 JavaThread "Unconstrained build operations Thread 63"        [_thread_blocked, id=24348, stack(0x000000f52fb00000,0x000000f52fc00000) (1024K)]
  0x000002347d45d3a0 JavaThread "Unconstrained build operations Thread 64"        [_thread_blocked, id=5160, stack(0x000000f52fc00000,0x000000f52fd00000) (1024K)]
  0x000002347d45da30 JavaThread "Unconstrained build operations Thread 65"        [_thread_blocked, id=19644, stack(0x000000f52fd00000,0x000000f52fe00000) (1024K)]
  0x000002347d45b2d0 JavaThread "Unconstrained build operations Thread 66"        [_thread_blocked, id=22064, stack(0x000000f52fe00000,0x000000f52ff00000) (1024K)]
  0x000002347d460190 JavaThread "Unconstrained build operations Thread 67"        [_thread_blocked, id=20400, stack(0x000000f52ff00000,0x000000f530000000) (1024K)]
  0x000002347d45ede0 JavaThread "Unconstrained build operations Thread 68"        [_thread_blocked, id=30236, stack(0x000000f530000000,0x000000f530100000) (1024K)]
  0x000002347d45fb00 JavaThread "Unconstrained build operations Thread 69"        [_thread_blocked, id=28356, stack(0x000000f530100000,0x000000f530200000) (1024K)]
  0x000002347d461540 JavaThread "Unconstrained build operations Thread 70"        [_thread_blocked, id=18068, stack(0x000000f530200000,0x000000f530300000) (1024K)]
  0x000002347d460820 JavaThread "Unconstrained build operations Thread 71"        [_thread_blocked, id=30368, stack(0x000000f530300000,0x000000f530400000) (1024K)]
  0x000002347d461bd0 JavaThread "Unconstrained build operations Thread 72"        [_thread_blocked, id=6104, stack(0x000000f530400000,0x000000f530500000) (1024K)]
  0x000002347d462260 JavaThread "Unconstrained build operations Thread 73"        [_thread_blocked, id=26716, stack(0x000000f530500000,0x000000f530600000) (1024K)]
  0x000002347d460eb0 JavaThread "Unconstrained build operations Thread 74"        [_thread_blocked, id=21712, stack(0x000000f530600000,0x000000f530700000) (1024K)]
  0x000002347d4628f0 JavaThread "Unconstrained build operations Thread 75"        [_thread_blocked, id=9840, stack(0x000000f530700000,0x000000f530800000) (1024K)]
  0x000002347d45f470 JavaThread "Unconstrained build operations Thread 76"        [_thread_blocked, id=23716, stack(0x000000f530800000,0x000000f530900000) (1024K)]
  0x000002347d4649c0 JavaThread "Unconstrained build operations Thread 77"        [_thread_blocked, id=25504, stack(0x000000f530900000,0x000000f530a00000) (1024K)]
  0x000002347d462f80 JavaThread "Unconstrained build operations Thread 78"        [_thread_blocked, id=14728, stack(0x000000f530a00000,0x000000f530b00000) (1024K)]
  0x000002347d466400 JavaThread "Unconstrained build operations Thread 79"        [_thread_blocked, id=8876, stack(0x000000f530b00000,0x000000f530c00000) (1024K)]
  0x000002347d463610 JavaThread "Unconstrained build operations Thread 80"        [_thread_blocked, id=19748, stack(0x000000f530c00000,0x000000f530d00000) (1024K)]
  0x000002347d466a90 JavaThread "Unconstrained build operations Thread 82"        [_thread_blocked, id=26460, stack(0x000000f52f400000,0x000000f52f500000) (1024K)]
  0x000002347d465050 JavaThread "Unconstrained build operations Thread 81"        [_thread_blocked, id=10584, stack(0x000000f530d00000,0x000000f530e00000) (1024K)]
  0x000002347d4656e0 JavaThread "Unconstrained build operations Thread 83"        [_thread_blocked, id=22344, stack(0x000000f530e00000,0x000000f530f00000) (1024K)]
  0x000002347d465d70 JavaThread "Unconstrained build operations Thread 84"        [_thread_blocked, id=13428, stack(0x000000f530f00000,0x000000f531000000) (1024K)]
  0x000002347d467120 JavaThread "Unconstrained build operations Thread 85"        [_thread_blocked, id=15888, stack(0x000000f531000000,0x000000f531100000) (1024K)]
  0x000002347d463ca0 JavaThread "Unconstrained build operations Thread 86"        [_thread_blocked, id=9580, stack(0x000000f531100000,0x000000f531200000) (1024K)]
  0x000002347d4677b0 JavaThread "Unconstrained build operations Thread 87"        [_thread_blocked, id=8756, stack(0x000000f531200000,0x000000f531300000) (1024K)]
  0x000002347d464330 JavaThread "Unconstrained build operations Thread 88"        [_thread_blocked, id=5524, stack(0x000000f531300000,0x000000f531400000) (1024K)]
  0x000002347d468b60 JavaThread "Unconstrained build operations Thread 89"        [_thread_blocked, id=15940, stack(0x000000f531400000,0x000000f531500000) (1024K)]
  0x000002347d4684d0 JavaThread "Unconstrained build operations Thread 90"        [_thread_blocked, id=21124, stack(0x000000f531500000,0x000000f531600000) (1024K)]
  0x000002347d469880 JavaThread "Unconstrained build operations Thread 91"        [_thread_blocked, id=22228, stack(0x000000f531600000,0x000000f531700000) (1024K)]
  0x000002347d4691f0 JavaThread "Unconstrained build operations Thread 92"        [_thread_blocked, id=27464, stack(0x000000f531700000,0x000000f531800000) (1024K)]
  0x000002347d467e40 JavaThread "Unconstrained build operations Thread 93"        [_thread_blocked, id=28156, stack(0x000000f531800000,0x000000f531900000) (1024K)]
  0x000002347d469f10 JavaThread "Unconstrained build operations Thread 94"        [_thread_blocked, id=4176, stack(0x000000f531900000,0x000000f531a00000) (1024K)]
  0x000002347dafe140 JavaThread "Unconstrained build operations Thread 95"        [_thread_blocked, id=30572, stack(0x000000f531a00000,0x000000f531b00000) (1024K)]
  0x000002347daff4f0 JavaThread "Unconstrained build operations Thread 96"        [_thread_blocked, id=16644, stack(0x000000f531b00000,0x000000f531c00000) (1024K)]
  0x000002347dafc700 JavaThread "Unconstrained build operations Thread 97"        [_thread_blocked, id=20076, stack(0x000000f531c00000,0x000000f531d00000) (1024K)]
  0x000002347dafee60 JavaThread "Unconstrained build operations Thread 98"        [_thread_blocked, id=24604, stack(0x000000f531d00000,0x000000f531e00000) (1024K)]
  0x000002347dafc070 JavaThread "Unconstrained build operations Thread 99"        [_thread_blocked, id=4032, stack(0x000000f531e00000,0x000000f531f00000) (1024K)]
  0x000002347dafcd90 JavaThread "Unconstrained build operations Thread 100"        [_thread_blocked, id=29944, stack(0x000000f531f00000,0x000000f532000000) (1024K)]
  0x000002347daffb80 JavaThread "Unconstrained build operations Thread 101"        [_thread_blocked, id=25196, stack(0x000000f532000000,0x000000f532100000) (1024K)]
  0x000002347dafdab0 JavaThread "WorkerExecutor Queue"              [_thread_blocked, id=14284, stack(0x000000f532100000,0x000000f532200000) (1024K)]
  0x000002347db00210 JavaThread "WorkerExecutor Queue Thread 2"        [_thread_blocked, id=21228, stack(0x000000f532200000,0x000000f532300000) (1024K)]
  0x000002347dafd420 JavaThread "WorkerExecutor Queue Thread 3"        [_thread_blocked, id=16580, stack(0x000000f532300000,0x000000f532400000) (1024K)]
  0x000002347db00f30 JavaThread "WorkerExecutor Queue Thread 5"        [_thread_blocked, id=25808, stack(0x000000f532500000,0x000000f532600000) (1024K)]
  0x000002347db022e0 JavaThread "Unconstrained build operations Thread 102"        [_thread_blocked, id=29492, stack(0x000000f532600000,0x000000f532700000) (1024K)]
  0x000002347db01c50 JavaThread "Unconstrained build operations Thread 103"        [_thread_blocked, id=20244, stack(0x000000f532700000,0x000000f532800000) (1024K)]
  0x000002347db02970 JavaThread "Unconstrained build operations Thread 104"        [_thread_blocked, id=30600, stack(0x000000f532800000,0x000000f532900000) (1024K)]
  0x000002347db015c0 JavaThread "Unconstrained build operations Thread 105"        [_thread_blocked, id=16488, stack(0x000000f532900000,0x000000f532a00000) (1024K)]
  0x000002347db03000 JavaThread "Unconstrained build operations Thread 106"        [_thread_blocked, id=19104, stack(0x000000f532a00000,0x000000f532b00000) (1024K)]
  0x000002347db03690 JavaThread "Unconstrained build operations Thread 107"        [_thread_blocked, id=12180, stack(0x000000f532b00000,0x000000f532c00000) (1024K)]
  0x000002347dedcaa0 JavaThread "Unconstrained build operations Thread 108"        [_thread_blocked, id=25392, stack(0x000000f532c00000,0x000000f532d00000) (1024K)]
  0x000002347dedde50 JavaThread "Unconstrained build operations Thread 109"        [_thread_blocked, id=19036, stack(0x000000f532d00000,0x000000f532e00000) (1024K)]
  0x000002347dedb060 JavaThread "Unconstrained build operations Thread 110"        [_thread_blocked, id=29896, stack(0x000000f532e00000,0x000000f532f00000) (1024K)]
  0x000002347dedd130 JavaThread "Unconstrained build operations Thread 111"        [_thread_blocked, id=2064, stack(0x000000f532f00000,0x000000f533000000) (1024K)]
  0x000002347dedd7c0 JavaThread "Unconstrained build operations Thread 112"        [_thread_blocked, id=28388, stack(0x000000f533000000,0x000000f533100000) (1024K)]
  0x000002347dede4e0 JavaThread "Unconstrained build operations Thread 113"        [_thread_blocked, id=14232, stack(0x000000f533100000,0x000000f533200000) (1024K)]
  0x000002347dedeb70 JavaThread "Unconstrained build operations Thread 114"        [_thread_blocked, id=19732, stack(0x000000f533200000,0x000000f533300000) (1024K)]
  0x000002347dedb6f0 JavaThread "Unconstrained build operations Thread 115"        [_thread_blocked, id=23312, stack(0x000000f533300000,0x000000f533400000) (1024K)]
  0x000002347dedf200 JavaThread "Unconstrained build operations Thread 116"        [_thread_blocked, id=28360, stack(0x000000f533400000,0x000000f533500000) (1024K)]
  0x000002347dedbd80 JavaThread "Unconstrained build operations Thread 117"        [_thread_blocked, id=26352, stack(0x000000f533500000,0x000000f533600000) (1024K)]
  0x000002347dedf890 JavaThread "Unconstrained build operations Thread 118"        [_thread_blocked, id=19796, stack(0x000000f533600000,0x000000f533700000) (1024K)]
  0x000002347dedc410 JavaThread "Unconstrained build operations Thread 119"        [_thread_blocked, id=17712, stack(0x000000f533700000,0x000000f533800000) (1024K)]
  0x000002347dee0c40 JavaThread "Unconstrained build operations Thread 120"        [_thread_blocked, id=12416, stack(0x000000f533800000,0x000000f533900000) (1024K)]
  0x000002347dee12d0 JavaThread "Unconstrained build operations Thread 121"        [_thread_blocked, id=22192, stack(0x000000f533900000,0x000000f533a00000) (1024K)]
  0x000002347dee05b0 JavaThread "Unconstrained build operations Thread 122"        [_thread_blocked, id=5056, stack(0x000000f533a00000,0x000000f533b00000) (1024K)]
  0x000002347dee1960 JavaThread "Unconstrained build operations Thread 123"        [_thread_blocked, id=19284, stack(0x000000f533b00000,0x000000f533c00000) (1024K)]
  0x000002347dee1ff0 JavaThread "Unconstrained build operations Thread 124"        [_thread_blocked, id=27896, stack(0x000000f533c00000,0x000000f533d00000) (1024K)]
  0x000002347dee2680 JavaThread "Unconstrained build operations Thread 125"        [_thread_blocked, id=4312, stack(0x000000f533d00000,0x000000f533e00000) (1024K)]
  0x000002347dedff20 JavaThread "Unconstrained build operations Thread 126"        [_thread_blocked, id=17504, stack(0x000000f533e00000,0x000000f533f00000) (1024K)]
  0x000002347591c320 JavaThread "Unconstrained build operations Thread 127"        [_thread_blocked, id=15668, stack(0x000000f533f00000,0x000000f534000000) (1024K)]
  0x000002347591d6d0 JavaThread "Unconstrained build operations Thread 128"        [_thread_blocked, id=16844, stack(0x000000f534000000,0x000000f534100000) (1024K)]
  0x000002347591c9b0 JavaThread "Unconstrained build operations Thread 129"        [_thread_blocked, id=21232, stack(0x000000f534100000,0x000000f534200000) (1024K)]
  0x000002347591bc90 JavaThread "Unconstrained build operations Thread 130"        [_thread_blocked, id=9632, stack(0x000000f534200000,0x000000f534300000) (1024K)]
  0x000002347591d040 JavaThread "Unconstrained build operations Thread 131"        [_thread_blocked, id=11532, stack(0x000000f534300000,0x000000f534400000) (1024K)]
  0x000002347591a8e0 JavaThread "Unconstrained build operations Thread 132"        [_thread_blocked, id=3180, stack(0x000000f534400000,0x000000f534500000) (1024K)]
  0x000002347591af70 JavaThread "Unconstrained build operations Thread 133"        [_thread_blocked, id=1928, stack(0x000000f534500000,0x000000f534600000) (1024K)]
  0x000002347591e3f0 JavaThread "Unconstrained build operations Thread 134"        [_thread_blocked, id=15216, stack(0x000000f534600000,0x000000f534700000) (1024K)]
  0x000002347591dd60 JavaThread "Unconstrained build operations Thread 135"        [_thread_blocked, id=7084, stack(0x000000f534700000,0x000000f534800000) (1024K)]
  0x000002347591ea80 JavaThread "Unconstrained build operations Thread 136"        [_thread_blocked, id=22008, stack(0x000000f534800000,0x000000f534900000) (1024K)]
  0x000002347591b600 JavaThread "Unconstrained build operations Thread 137"        [_thread_blocked, id=20324, stack(0x000000f534900000,0x000000f534a00000) (1024K)]
  0x0000023475920b50 JavaThread "Unconstrained build operations Thread 138"        [_thread_blocked, id=9444, stack(0x000000f534a00000,0x000000f534b00000) (1024K)]
  0x00000234759211e0 JavaThread "Unconstrained build operations Thread 139"        [_thread_blocked, id=29888, stack(0x000000f534b00000,0x000000f534c00000) (1024K)]
  0x0000023475921870 JavaThread "Unconstrained build operations Thread 140"        [_thread_blocked, id=20816, stack(0x000000f534c00000,0x000000f534d00000) (1024K)]
  0x000002347591fe30 JavaThread "Unconstrained build operations Thread 141"        [_thread_blocked, id=23616, stack(0x000000f534d00000,0x000000f534e00000) (1024K)]
  0x00000234759204c0 JavaThread "Unconstrained build operations Thread 142"        [_thread_blocked, id=29960, stack(0x000000f534e00000,0x000000f534f00000) (1024K)]
  0x0000023475921f00 JavaThread "Unconstrained build operations Thread 143"        [_thread_blocked, id=25332, stack(0x000000f534f00000,0x000000f535000000) (1024K)]
  0x000002347591f110 JavaThread "Unconstrained build operations Thread 144"        [_thread_blocked, id=22644, stack(0x000000f535000000,0x000000f535100000) (1024K)]
  0x0000023475922590 JavaThread "Unconstrained build operations Thread 145"        [_thread_blocked, id=30216, stack(0x000000f535100000,0x000000f535200000) (1024K)]
  0x0000023475922c20 JavaThread "Unconstrained build operations Thread 146"        [_thread_blocked, id=23488, stack(0x000000f535200000,0x000000f535300000) (1024K)]
  0x0000023475924660 JavaThread "Unconstrained build operations Thread 147"        [_thread_blocked, id=23356, stack(0x000000f535500000,0x000000f535600000) (1024K)]
  0x0000023475925a10 JavaThread "Unconstrained build operations Thread 148"        [_thread_blocked, id=7104, stack(0x000000f535600000,0x000000f535700000) (1024K)]
  0x0000023475924cf0 JavaThread "Unconstrained build operations Thread 149"        [_thread_blocked, id=16632, stack(0x000000f535700000,0x000000f535800000) (1024K)]
  0x00000234759232b0 JavaThread "Unconstrained build operations Thread 150"        [_thread_blocked, id=21412, stack(0x000000f52ab00000,0x000000f52ac00000) (1024K)]
  0x0000023475926dc0 JavaThread "Unconstrained build operations Thread 151"        [_thread_blocked, id=30132, stack(0x000000f535900000,0x000000f535a00000) (1024K)]
  0x0000023475927450 JavaThread "Unconstrained build operations Thread 152"        [_thread_blocked, id=24240, stack(0x000000f535a00000,0x000000f535b00000) (1024K)]
  0x0000023475923fd0 JavaThread "Unconstrained build operations Thread 153"        [_thread_blocked, id=26720, stack(0x000000f535b00000,0x000000f535c00000) (1024K)]
  0x0000023475927ae0 JavaThread "Unconstrained build operations Thread 154"        [_thread_blocked, id=28164, stack(0x000000f535c00000,0x000000f535d00000) (1024K)]
  0x0000023475928170 JavaThread "Unconstrained build operations Thread 155"        [_thread_blocked, id=12564, stack(0x000000f535d00000,0x000000f535e00000) (1024K)]
  0x0000023475928800 JavaThread "Unconstrained build operations Thread 156"        [_thread_blocked, id=22564, stack(0x000000f535e00000,0x000000f535f00000) (1024K)]
  0x0000023475929520 JavaThread "Unconstrained build operations Thread 157"        [_thread_blocked, id=1444, stack(0x000000f535f00000,0x000000f536000000) (1024K)]
  0x0000023475928e90 JavaThread "Unconstrained build operations Thread 158"        [_thread_blocked, id=9548, stack(0x000000f536000000,0x000000f536100000) (1024K)]
  0x0000023475929bb0 JavaThread "Unconstrained build operations Thread 159"        [_thread_blocked, id=13216, stack(0x000000f536100000,0x000000f536200000) (1024K)]
  0x000002347d56a790 JavaThread "Unconstrained build operations Thread 160"        [_thread_blocked, id=23280, stack(0x000000f536200000,0x000000f536300000) (1024K)]
  0x000002347d56ae20 JavaThread "WorkerExecutor Queue Thread 6"        [_thread_blocked, id=9528, stack(0x000000f536400000,0x000000f536500000) (1024K)]
  0x000002347d5686c0 JavaThread "WorkerExecutor Queue Thread 7"        [_thread_blocked, id=13780, stack(0x000000f536500000,0x000000f536600000) (1024K)]
  0x000002347d56b4b0 JavaThread "WorkerExecutor Queue Thread 8"        [_thread_blocked, id=9616, stack(0x000000f536800000,0x000000f536900000) (1024K)]
  0x000002347d568030 JavaThread "WorkerExecutor Queue Thread 9"        [_thread_blocked, id=22804, stack(0x000000f536900000,0x000000f536a00000) (1024K)]
  0x000002347d5693e0 JavaThread "WorkerExecutor Queue Thread 10"        [_thread_blocked, id=18044, stack(0x000000f536a00000,0x000000f536b00000) (1024K)]
  0x000002347d56bb40 JavaThread "WorkerExecutor Queue Thread 11"        [_thread_blocked, id=22896, stack(0x000000f536b00000,0x000000f536c00000) (1024K)]
  0x000002347d56cef0 JavaThread "WorkerExecutor Queue Thread 12"        [_thread_blocked, id=15088, stack(0x000000f536c00000,0x000000f536d00000) (1024K)]
  0x000002347d56c1d0 JavaThread "WorkerExecutor Queue Thread 14"        [_thread_blocked, id=26272, stack(0x000000f536e00000,0x000000f536f00000) (1024K)]
  0x000002347d569a70 JavaThread "WorkerExecutor Queue Thread 15"        [_thread_blocked, id=24204, stack(0x000000f536f00000,0x000000f537000000) (1024K)]
  0x000002347d56e930 JavaThread "WorkerExecutor Queue Thread 16"        [_thread_blocked, id=23176, stack(0x000000f537000000,0x000000f537100000) (1024K)]
  0x000002347d56d580 JavaThread "WorkerExecutor Queue Thread 17"        [_thread_blocked, id=18608, stack(0x000000f537100000,0x000000f537200000) (1024K)]
  0x000002347d56f650 JavaThread "WorkerExecutor Queue Thread 19"        [_thread_blocked, id=9664, stack(0x000000f537200000,0x000000f537300000) (1024K)]
  0x00000234762423d0 JavaThread "C2 CompilerThread1"         daemon [_thread_blocked, id=19260, stack(0x000000f526700000,0x000000f526800000) (1024K)]
  0x0000023474e9a2d0 JavaThread "C2 CompilerThread2"         daemon [_thread_blocked, id=28232, stack(0x000000f52cf00000,0x000000f52d000000) (1024K)]
  0x0000023405ed6000 JavaThread "C2 CompilerThread3"         daemon [_thread_blocked, id=26732, stack(0x000000f52e200000,0x000000f52e300000) (1024K)]
  0x0000023405ed66d0 JavaThread "C1 CompilerThread1"         daemon [_thread_blocked, id=16452, stack(0x000000f52e300000,0x000000f52e400000) (1024K)]
  0x0000023405ed5930 JavaThread "C1 CompilerThread2"         daemon [_thread_blocked, id=18940, stack(0x000000f532400000,0x000000f532500000) (1024K)]
=>0x0000023405ed6da0 JavaThread "C2 CompilerThread4"         daemon [_thread_in_native, id=4580, stack(0x000000f535300000,0x000000f535400000) (1024K)]
Total: 248

Other Threads:
  0x000002346a34ab50 VMThread "VM Thread"                           [id=22960, stack(0x000000f526c00000,0x000000f526d00000) (1024K)]
  0x000002346a23ca00 WatcherThread "VM Periodic Task Thread"        [id=4984, stack(0x000000f526b00000,0x000000f526c00000) (1024K)]
  0x000002344e896990 WorkerThread "GC Thread#0"                     [id=29216, stack(0x000000f526a00000,0x000000f526b00000) (1024K)]
  0x0000023471ebed70 WorkerThread "GC Thread#1"                     [id=1516, stack(0x000000f527d00000,0x000000f527e00000) (1024K)]
  0x0000023471ebf110 WorkerThread "GC Thread#2"                     [id=3672, stack(0x000000f527e00000,0x000000f527f00000) (1024K)]
  0x0000023471ebf4b0 WorkerThread "GC Thread#3"                     [id=4480, stack(0x000000f527f00000,0x000000f528000000) (1024K)]
  0x00000234725e13b0 WorkerThread "GC Thread#4"                     [id=18008, stack(0x000000f528000000,0x000000f528100000) (1024K)]
  0x0000023472f5ead0 WorkerThread "GC Thread#5"                     [id=24492, stack(0x000000f527b00000,0x000000f527c00000) (1024K)]
  0x0000023472f5f280 WorkerThread "GC Thread#6"                     [id=23740, stack(0x000000f527c00000,0x000000f527d00000) (1024K)]
  0x0000023472f63520 WorkerThread "GC Thread#7"                     [id=17160, stack(0x000000f528100000,0x000000f528200000) (1024K)]
  0x0000023472f63180 WorkerThread "GC Thread#8"                     [id=12900, stack(0x000000f528200000,0x000000f528300000) (1024K)]
  0x0000023472f64000 WorkerThread "GC Thread#9"                     [id=19544, stack(0x000000f528d00000,0x000000f528e00000) (1024K)]
  0x0000023472f62a40 WorkerThread "GC Thread#10"                    [id=9684, stack(0x000000f528e00000,0x000000f528f00000) (1024K)]
  0x0000023472f62de0 WorkerThread "GC Thread#11"                    [id=17100, stack(0x000000f528f00000,0x000000f529000000) (1024K)]
  0x0000023472f638c0 WorkerThread "GC Thread#12"                    [id=19624, stack(0x000000f529000000,0x000000f529100000) (1024K)]
Total: 15

Threads with active compile tasks:
C2 CompilerThread0  231717 33817       4       java.lang.StringLatin1::trim (76 bytes)
C2 CompilerThread1  231717 33820       4       com.android.tools.r8.dex.L::b (165 bytes)
C2 CompilerThread2  231717 33785       4       com.android.tools.r8.internal.BB::e (1124 bytes)
C2 CompilerThread3  231717 33819       4       com.android.tools.r8.dex.L$$Lambda/0x00000008018751d0::accept (12 bytes)
C2 CompilerThread4  231717 33786 %     4       com.android.tools.r8.internal.rT::a @ 14 (2024 bytes)
Total: 5

VM state: at safepoint (normal execution)

VM Mutex/Monitor currently owned by a thread:  ([mutex/lock_event])
[0x00007ffca5c985b8] Threads_lock - owner thread: 0x000002346a34ab50
[0x00007ffca5c986b8] Heap_lock - owner thread: 0x0000023473016380
[0x00007ffca5c98b38] PSOldGenExpand_lock - owner thread: 0x0000023472f638c0

Heap address: 0x0000000700000000, size: 4096 MB, Compressed Oops mode: Zero based, Oop shift amount: 3

CDS archive(s) not mapped
Compressed class space mapped at: 0x0000000800000000-0x0000000840000000, reserved size: 1073741824
Narrow klass base: 0x0000000800000000, Narrow klass shift: 0, Narrow klass range: 0x40000000

GC Precious Log:
 CardTable entry size: 512
 CPUs: 16 total, 16 available
 Memory: 16051M
 Large Page Support: Disabled
 NUMA Support: Disabled
 Compressed Oops: Enabled (Zero based)
 Alignments: Space 512K, Generation 512K, Heap 2M
 Heap Min Capacity: 8M
 Heap Initial Capacity: 252M
 Heap Max Capacity: 4G
 Pre-touch: Disabled
 Parallel Workers: 13

Heap:
 PSYoungGen      total 1190400K, used 1144036K [0x00000007aab00000, 0x00000007f7080000, 0x0000000800000000)
  eden space 1129984K, 100% used [0x00000007aab00000,0x00000007efa80000,0x00000007efa80000)
  from space 60416K, 23% used [0x00000007efa80000,0x00000007f0839070,0x00000007f3580000)
  to   space 57344K, 19% used [0x00000007f3880000,0x00000007f435a738,0x00000007f7080000)
 ParOldGen       total 609280K, used 609278K [0x0000000700000000, 0x0000000725300000, 0x00000007aab00000)
  object space 609280K, 99% used [0x0000000700000000,0x00000007252ffa68,0x0000000725300000)
 Metaspace       used 178659K, committed 181312K, reserved 1245184K
  class space    used 24199K, committed 25536K, reserved 1048576K

Card table byte_map: [0x0000023460bf0000,0x0000023461400000] _byte_map_base: 0x000002345d3f0000

Marking Bits: (ParMarkBitMap*) 0x00007ffca5c9d520
 Begin Bits: [0x0000023461960000, 0x0000023465960000)
 End Bits:   [0x0000023465960000, 0x0000023469960000)

Polling page: 0x000002344cff0000

Metaspace:

Usage:
  Non-class:    150.84 MB used.
      Class:     23.63 MB used.
       Both:    174.47 MB used.

Virtual space:
  Non-class space:      192.00 MB reserved,     152.12 MB ( 79%) committed,  3 nodes.
      Class space:        1.00 GB reserved,      24.94 MB (  2%) committed,  1 nodes.
             Both:        1.19 GB reserved,     177.06 MB ( 15%) committed. 

Chunk freelists:
   Non-Class:  7.36 MB
       Class:  7.11 MB
        Both:  14.47 MB

MaxMetaspaceSize: unlimited
CompressedClassSpaceSize: 1.00 GB
Initial GC threshold: 21.00 MB
Current GC threshold: 286.88 MB
CDS: off
 - commit_granule_bytes: 65536.
 - commit_granule_words: 8192.
 - virtual_space_node_default_size: 8388608.
 - enlarge_chunks_in_place: 1.
 - use_allocation_guard: 0.


Internal statistics:

num_allocs_failed_limit: 15.
num_arena_births: 5514.
num_arena_deaths: 34.
num_vsnodes_births: 4.
num_vsnodes_deaths: 0.
num_space_committed: 2830.
num_space_uncommitted: 0.
num_chunks_returned_to_freelist: 59.
num_chunks_taken_from_freelist: 13424.
num_chunk_merges: 29.
num_chunk_splits: 8738.
num_chunks_enlarged: 5498.
num_inconsistent_stats: 0.

CodeHeap 'non-profiled nmethods': size=119168Kb used=34795Kb max_used=34795Kb free=84373Kb
 bounds [0x00000234595b0000, 0x000002345b7b0000, 0x0000023460a10000]
CodeHeap 'profiled nmethods': size=119104Kb used=61365Kb max_used=61365Kb free=57738Kb
 bounds [0x0000023451a10000, 0x00000234556b0000, 0x0000023458e60000]
CodeHeap 'non-nmethods': size=7488Kb used=3705Kb max_used=4400Kb free=3782Kb
 bounds [0x0000023458e60000, 0x0000023459300000, 0x00000234595b0000]
CodeCache: size=245760Kb, used=99865Kb, max_used=100560Kb, free=145893Kb
 total_blobs=29197, nmethods=28096, adapters=1004, full_count=0
Compilation: enabled, stopped_count=0, restarted_count=0

Compilation events (20 events):
Event: 230.687 Thread 0x0000023405ed6000 nmethod 33815 0x000002345b7aa090 code [0x000002345b7aa220, 0x000002345b7aa390]
Event: 230.717 Thread 0x0000023405ed6000 33816       4       java.util.ArrayDeque::sub (14 bytes)
Event: 230.717 Thread 0x0000023405ed6000 nmethod 33816 0x000002345b7aa610 code [0x000002345b7aa780, 0x000002345b7aa7f8]
Event: 230.729 Thread 0x000002346f4a3790 33817       4       java.lang.StringLatin1::trim (76 bytes)
Event: 230.760 Thread 0x0000023405ed6000 33818       4       com.android.tools.r8.internal.s70::Q (18 bytes)
Event: 230.760 Thread 0x0000023405ed6000 nmethod 33818 0x000002345b7aa910 code [0x000002345b7aaaa0, 0x000002345b7aab30]
Event: 230.812 Thread 0x0000023405ed6000 33819       4       com.android.tools.r8.dex.L$$Lambda/0x00000008018751d0::accept (12 bytes)
Event: 230.812 Thread 0x00000234762423d0 33820       4       com.android.tools.r8.dex.L::b (165 bytes)
Event: 230.813 Thread 0x0000023405ed5930 33821       3       java.lang.Float::floatToIntBits (15 bytes)
Event: 230.813 Thread 0x0000023405ed5930 nmethod 33821 0x0000023453cf4810 code [0x0000023453cf49c0, 0x0000023453cf4bf0]
Event: 230.914 Thread 0x0000023405ed66d0 33828       3       com.android.tools.r8.internal.pt::b (11 bytes)
Event: 230.914 Thread 0x000002346f4a5910 33829       3       com.android.tools.r8.internal.No::<init> (8 bytes)
Event: 230.914 Thread 0x0000023405ed66d0 nmethod 33828 0x0000023453cf4310 code [0x0000023453cf44c0, 0x0000023453cf46c8]
Event: 230.914 Thread 0x000002346f4a5910 nmethod 33829 0x00000234521c9490 code [0x00000234521c9640, 0x00000234521c9778]
Event: 230.917 Thread 0x000002346f4a5910 33830       3       com.android.tools.r8.internal.pm::a (31 bytes)
Event: 230.917 Thread 0x0000023405ed66d0 33831       3       com.android.tools.r8.internal.gS::<init> (22 bytes)
Event: 230.917 Thread 0x0000023405ed66d0 nmethod 33831 0x0000023453cf3e10 code [0x0000023453cf3fc0, 0x0000023453cf41d8]
Event: 230.919 Thread 0x000002346f4a5910 nmethod 33830 0x0000023452223d90 code [0x00000234522241e0, 0x0000023452226350]
Event: 230.987 Thread 0x0000023405ed5930 33832       3       sun.nio.fs.WindowsPath::getRoot (36 bytes)
Event: 230.988 Thread 0x0000023405ed5930 nmethod 33832 0x0000023453cf3610 code [0x0000023453cf37e0, 0x0000023453cf3c48]

GC Heap History (20 events):
Event: 209.519 GC heap before
{Heap before GC invocations=128 (full 6):
 PSYoungGen      total 716288K, used 716285K [0x00000007aab00000, 0x00000007e1080000, 0x0000000800000000)
  eden space 702464K, 100% used [0x00000007aab00000,0x00000007d5900000,0x00000007d5900000)
  from space 13824K, 99% used [0x00000007d5900000,0x00000007d667f450,0x00000007d6680000)
  to   space 23552K, 0% used [0x00000007df980000,0x00000007df980000,0x00000007e1080000)
 ParOldGen       total 424960K, used 424723K [0x0000000700000000, 0x0000000719f00000, 0x00000007aab00000)
  object space 424960K, 99% used [0x0000000700000000,0x0000000719ec4c68,0x0000000719f00000)
 Metaspace       used 175792K, committed 178432K, reserved 1245184K
  class space    used 23960K, committed 25280K, reserved 1048576K
}
Event: 209.535 GC heap after
{Heap after GC invocations=128 (full 6):
 PSYoungGen      total 859136K, used 23549K [0x00000007aab00000, 0x00000007e1f80000, 0x0000000800000000)
  eden space 835584K, 0% used [0x00000007aab00000,0x00000007aab00000,0x00000007ddb00000)
  from space 23552K, 99% used [0x00000007df980000,0x00000007e107f620,0x00000007e1080000)
  to   space 31232K, 0% used [0x00000007ddb00000,0x00000007ddb00000,0x00000007df980000)
 ParOldGen       total 435712K, used 435322K [0x0000000700000000, 0x000000071a980000, 0x00000007aab00000)
  object space 435712K, 99% used [0x0000000700000000,0x000000071a91e8c0,0x000000071a980000)
 Metaspace       used 175792K, committed 178432K, reserved 1245184K
  class space    used 23960K, committed 25280K, reserved 1048576K
}
Event: 210.993 GC heap before
{Heap before GC invocations=129 (full 6):
 PSYoungGen      total 859136K, used 859133K [0x00000007aab00000, 0x00000007e1f80000, 0x0000000800000000)
  eden space 835584K, 100% used [0x00000007aab00000,0x00000007ddb00000,0x00000007ddb00000)
  from space 23552K, 99% used [0x00000007df980000,0x00000007e107f620,0x00000007e1080000)
  to   space 31232K, 0% used [0x00000007ddb00000,0x00000007ddb00000,0x00000007df980000)
 ParOldGen       total 435712K, used 435324K [0x0000000700000000, 0x000000071a980000, 0x00000007aab00000)
  object space 435712K, 99% used [0x0000000700000000,0x000000071a91f378,0x000000071a980000)
 Metaspace       used 177317K, committed 179968K, reserved 1245184K
  class space    used 24119K, committed 25472K, reserved 1048576K
}
Event: 211.009 GC heap after
{Heap after GC invocations=129 (full 6):
 PSYoungGen      total 866816K, used 13444K [0x00000007aab00000, 0x00000007eb980000, 0x0000000800000000)
  eden space 835584K, 0% used [0x00000007aab00000,0x00000007aab00000,0x00000007ddb00000)
  from space 31232K, 43% used [0x00000007ddb00000,0x00000007de821220,0x00000007df980000)
  to   space 30208K, 0% used [0x00000007e9c00000,0x00000007e9c00000,0x00000007eb980000)
 ParOldGen       total 456192K, used 455716K [0x0000000700000000, 0x000000071bd80000, 0x00000007aab00000)
  object space 456192K, 99% used [0x0000000700000000,0x000000071bd090f8,0x000000071bd80000)
 Metaspace       used 177317K, committed 179968K, reserved 1245184K
  class space    used 24119K, committed 25472K, reserved 1048576K
}
Event: 212.456 GC heap before
{Heap before GC invocations=130 (full 6):
 PSYoungGen      total 866816K, used 849028K [0x00000007aab00000, 0x00000007eb980000, 0x0000000800000000)
  eden space 835584K, 100% used [0x00000007aab00000,0x00000007ddb00000,0x00000007ddb00000)
  from space 31232K, 43% used [0x00000007ddb00000,0x00000007de821220,0x00000007df980000)
  to   space 30208K, 0% used [0x00000007e9c00000,0x00000007e9c00000,0x00000007eb980000)
 ParOldGen       total 456192K, used 455716K [0x0000000700000000, 0x000000071bd80000, 0x00000007aab00000)
  object space 456192K, 99% used [0x0000000700000000,0x000000071bd090f8,0x000000071bd80000)
 Metaspace       used 178030K, committed 180672K, reserved 1245184K
  class space    used 24147K, committed 25472K, reserved 1048576K
}
Event: 212.465 GC heap after
{Heap after GC invocations=130 (full 6):
 PSYoungGen      total 1030144K, used 11871K [0x00000007aab00000, 0x00000007eb680000, 0x0000000800000000)
  eden space 1003008K, 0% used [0x00000007aab00000,0x00000007aab00000,0x00000007e7e80000)
  from space 27136K, 43% used [0x00000007e9c00000,0x00000007ea797e70,0x00000007eb680000)
  to   space 28672K, 0% used [0x00000007e7e80000,0x00000007e7e80000,0x00000007e9a80000)
 ParOldGen       total 464896K, used 464894K [0x0000000700000000, 0x000000071c600000, 0x00000007aab00000)
  object space 464896K, 99% used [0x0000000700000000,0x000000071c5ffac0,0x000000071c600000)
 Metaspace       used 178030K, committed 180672K, reserved 1245184K
  class space    used 24147K, committed 25472K, reserved 1048576K
}
Event: 213.954 GC heap before
{Heap before GC invocations=131 (full 6):
 PSYoungGen      total 1030144K, used 1014879K [0x00000007aab00000, 0x00000007eb680000, 0x0000000800000000)
  eden space 1003008K, 100% used [0x00000007aab00000,0x00000007e7e80000,0x00000007e7e80000)
  from space 27136K, 43% used [0x00000007e9c00000,0x00000007ea797e70,0x00000007eb680000)
  to   space 28672K, 0% used [0x00000007e7e80000,0x00000007e7e80000,0x00000007e9a80000)
 ParOldGen       total 464896K, used 464894K [0x0000000700000000, 0x000000071c600000, 0x00000007aab00000)
  object space 464896K, 99% used [0x0000000700000000,0x000000071c5ffac0,0x000000071c600000)
 Metaspace       used 178507K, committed 181184K, reserved 1245184K
  class space    used 24195K, committed 25536K, reserved 1048576K
}
Event: 213.964 GC heap after
{Heap after GC invocations=131 (full 6):
 PSYoungGen      total 967168K, used 11231K [0x00000007aab00000, 0x00000007e9c80000, 0x0000000800000000)
  eden space 955904K, 0% used [0x00000007aab00000,0x00000007aab00000,0x00000007e5080000)
  from space 11264K, 99% used [0x00000007e7e80000,0x00000007e8977cd8,0x00000007e8980000)
  to   space 19456K, 0% used [0x00000007e8980000,0x00000007e8980000,0x00000007e9c80000)
 ParOldGen       total 470528K, used 470110K [0x0000000700000000, 0x000000071cb80000, 0x00000007aab00000)
  object space 470528K, 99% used [0x0000000700000000,0x000000071cb17bb0,0x000000071cb80000)
 Metaspace       used 178507K, committed 181184K, reserved 1245184K
  class space    used 24195K, committed 25536K, reserved 1048576K
}
Event: 215.346 GC heap before
{Heap before GC invocations=132 (full 6):
 PSYoungGen      total 967168K, used 688713K [0x00000007aab00000, 0x00000007e9c80000, 0x0000000800000000)
  eden space 955904K, 70% used [0x00000007aab00000,0x00000007d409a8c8,0x00000007e5080000)
  from space 11264K, 99% used [0x00000007e7e80000,0x00000007e8977cd8,0x00000007e8980000)
  to   space 19456K, 0% used [0x00000007e8980000,0x00000007e8980000,0x00000007e9c80000)
 ParOldGen       total 470528K, used 470110K [0x0000000700000000, 0x000000071cb80000, 0x00000007aab00000)
  object space 470528K, 99% used [0x0000000700000000,0x000000071cb17bb0,0x000000071cb80000)
 Metaspace       used 178539K, committed 181184K, reserved 1245184K
  class space    used 24196K, committed 25536K, reserved 1048576K
}
Event: 215.359 GC heap after
{Heap after GC invocations=132 (full 6):
 PSYoungGen      total 975360K, used 19438K [0x00000007aab00000, 0x00000007e9c80000, 0x0000000800000000)
  eden space 955904K, 0% used [0x00000007aab00000,0x00000007aab00000,0x00000007e5080000)
  from space 19456K, 99% used [0x00000007e8980000,0x00000007e9c7b878,0x00000007e9c80000)
  to   space 31744K, 0% used [0x00000007e5e80000,0x00000007e5e80000,0x00000007e7d80000)
 ParOldGen       total 480256K, used 480177K [0x0000000700000000, 0x000000071d500000, 0x00000007aab00000)
  object space 480256K, 99% used [0x0000000700000000,0x000000071d4ec668,0x000000071d500000)
 Metaspace       used 178539K, committed 181184K, reserved 1245184K
  class space    used 24196K, committed 25536K, reserved 1048576K
}
Event: 217.816 GC heap before
{Heap before GC invocations=133 (full 6):
 PSYoungGen      total 975360K, used 975342K [0x00000007aab00000, 0x00000007e9c80000, 0x0000000800000000)
  eden space 955904K, 100% used [0x00000007aab00000,0x00000007e5080000,0x00000007e5080000)
  from space 19456K, 99% used [0x00000007e8980000,0x00000007e9c7b878,0x00000007e9c80000)
  to   space 31744K, 0% used [0x00000007e5e80000,0x00000007e5e80000,0x00000007e7d80000)
 ParOldGen       total 480256K, used 480177K [0x0000000700000000, 0x000000071d500000, 0x00000007aab00000)
  object space 480256K, 99% used [0x0000000700000000,0x000000071d4ec668,0x000000071d500000)
 Metaspace       used 178560K, committed 181184K, reserved 1245184K
  class space    used 24197K, committed 25536K, reserved 1048576K
}
Event: 217.839 GC heap after
{Heap after GC invocations=133 (full 6):
 PSYoungGen      total 943104K, used 31724K [0x00000007aab00000, 0x00000007e8a00000, 0x0000000800000000)
  eden space 911360K, 0% used [0x00000007aab00000,0x00000007aab00000,0x00000007e2500000)
  from space 31744K, 99% used [0x00000007e5e80000,0x00000007e7d7b048,0x00000007e7d80000)
  to   space 12800K, 0% used [0x00000007e7d80000,0x00000007e7d80000,0x00000007e8a00000)
 ParOldGen       total 497152K, used 496885K [0x0000000700000000, 0x000000071e580000, 0x00000007aab00000)
  object space 497152K, 99% used [0x0000000700000000,0x000000071e53d460,0x000000071e580000)
 Metaspace       used 178560K, committed 181184K, reserved 1245184K
  class space    used 24197K, committed 25536K, reserved 1048576K
}
Event: 219.511 GC heap before
{Heap before GC invocations=134 (full 6):
 PSYoungGen      total 943104K, used 943084K [0x00000007aab00000, 0x00000007e8a00000, 0x0000000800000000)
  eden space 911360K, 100% used [0x00000007aab00000,0x00000007e2500000,0x00000007e2500000)
  from space 31744K, 99% used [0x00000007e5e80000,0x00000007e7d7b048,0x00000007e7d80000)
  to   space 12800K, 0% used [0x00000007e7d80000,0x00000007e7d80000,0x00000007e8a00000)
 ParOldGen       total 497152K, used 496885K [0x0000000700000000, 0x000000071e580000, 0x00000007aab00000)
  object space 497152K, 99% used [0x0000000700000000,0x000000071e53d460,0x000000071e580000)
 Metaspace       used 178585K, committed 181248K, reserved 1245184K
  class space    used 24197K, committed 25536K, reserved 1048576K
}
Event: 219.550 GC heap after
{Heap after GC invocations=134 (full 6):
 PSYoungGen      total 954368K, used 12791K [0x00000007aab00000, 0x00000007f4d00000, 0x0000000800000000)
  eden space 941568K, 0% used [0x00000007aab00000,0x00000007aab00000,0x00000007e4280000)
  from space 12800K, 99% used [0x00000007e7d80000,0x00000007e89fdc88,0x00000007e8a00000)
  to   space 60416K, 0% used [0x00000007e4280000,0x00000007e4280000,0x00000007e7d80000)
 ParOldGen       total 556032K, used 555530K [0x0000000700000000, 0x0000000721f00000, 0x00000007aab00000)
  object space 556032K, 99% used [0x0000000700000000,0x0000000721e828f8,0x0000000721f00000)
 Metaspace       used 178585K, committed 181248K, reserved 1245184K
  class space    used 24197K, committed 25536K, reserved 1048576K
}
Event: 221.131 GC heap before
{Heap before GC invocations=135 (full 6):
 PSYoungGen      total 954368K, used 954359K [0x00000007aab00000, 0x00000007f4d00000, 0x0000000800000000)
  eden space 941568K, 100% used [0x00000007aab00000,0x00000007e4280000,0x00000007e4280000)
  from space 12800K, 99% used [0x00000007e7d80000,0x00000007e89fdc88,0x00000007e8a00000)
  to   space 60416K, 0% used [0x00000007e4280000,0x00000007e4280000,0x00000007e7d80000)
 ParOldGen       total 556032K, used 555534K [0x0000000700000000, 0x0000000721f00000, 0x00000007aab00000)
  object space 556032K, 99% used [0x0000000700000000,0x0000000721e83828,0x0000000721f00000)
 Metaspace       used 178601K, committed 181248K, reserved 1245184K
  class space    used 24198K, committed 25536K, reserved 1048576K
}
Event: 221.151 GC heap after
{Heap after GC invocations=135 (full 6):
 PSYoungGen      total 1001984K, used 39940K [0x00000007aab00000, 0x00000007f7680000, 0x0000000800000000)
  eden space 941568K, 0% used [0x00000007aab00000,0x00000007aab00000,0x00000007e4280000)
  from space 60416K, 66% used [0x00000007e4280000,0x00000007e69813a0,0x00000007e7d80000)
  to   space 63488K, 0% used [0x00000007f3880000,0x00000007f3880000,0x00000007f7680000)
 ParOldGen       total 565760K, used 565591K [0x0000000700000000, 0x0000000722880000, 0x00000007aab00000)
  object space 565760K, 99% used [0x0000000700000000,0x0000000722855e58,0x0000000722880000)
 Metaspace       used 178601K, committed 181248K, reserved 1245184K
  class space    used 24198K, committed 25536K, reserved 1048576K
}
Event: 222.613 GC heap before
{Heap before GC invocations=136 (full 6):
 PSYoungGen      total 1001984K, used 981508K [0x00000007aab00000, 0x00000007f7680000, 0x0000000800000000)
  eden space 941568K, 100% used [0x00000007aab00000,0x00000007e4280000,0x00000007e4280000)
  from space 60416K, 66% used [0x00000007e4280000,0x00000007e69813a0,0x00000007e7d80000)
  to   space 63488K, 0% used [0x00000007f3880000,0x00000007f3880000,0x00000007f7680000)
 ParOldGen       total 565760K, used 565591K [0x0000000700000000, 0x0000000722880000, 0x00000007aab00000)
  object space 565760K, 99% used [0x0000000700000000,0x0000000722855e58,0x0000000722880000)
 Metaspace       used 178611K, committed 181248K, reserved 1245184K
  class space    used 24198K, committed 25536K, reserved 1048576K
}
Event: 222.631 GC heap after
{Heap after GC invocations=136 (full 6):
 PSYoungGen      total 1187328K, used 17312K [0x00000007aab00000, 0x00000007f7080000, 0x0000000800000000)
  eden space 1129984K, 0% used [0x00000007aab00000,0x00000007aab00000,0x00000007efa80000)
  from space 57344K, 30% used [0x00000007f3880000,0x00000007f4968318,0x00000007f7080000)
  to   space 60416K, 0% used [0x00000007efa80000,0x00000007efa80000,0x00000007f3580000)
 ParOldGen       total 591360K, used 591283K [0x0000000700000000, 0x0000000724180000, 0x00000007aab00000)
  object space 591360K, 99% used [0x0000000700000000,0x000000072416cfe0,0x0000000724180000)
 Metaspace       used 178611K, committed 181248K, reserved 1245184K
  class space    used 24198K, committed 25536K, reserved 1048576K
}
Event: 224.304 GC heap before
{Heap before GC invocations=137 (full 6):
 PSYoungGen      total 1187328K, used 1147296K [0x00000007aab00000, 0x00000007f7080000, 0x0000000800000000)
  eden space 1129984K, 100% used [0x00000007aab00000,0x00000007efa80000,0x00000007efa80000)
  from space 57344K, 30% used [0x00000007f3880000,0x00000007f4968318,0x00000007f7080000)
  to   space 60416K, 0% used [0x00000007efa80000,0x00000007efa80000,0x00000007f3580000)
 ParOldGen       total 591360K, used 591283K [0x0000000700000000, 0x0000000724180000, 0x00000007aab00000)
  object space 591360K, 99% used [0x0000000700000000,0x000000072416cfe0,0x0000000724180000)
 Metaspace       used 178644K, committed 181248K, reserved 1245184K
  class space    used 24198K, committed 25536K, reserved 1048576K
}
Event: 229.341 GC heap after
{Heap after GC invocations=137 (full 6):
 PSYoungGen      total 1190400K, used 14052K [0x00000007aab00000, 0x00000007f7080000, 0x0000000800000000)
  eden space 1129984K, 0% used [0x00000007aab00000,0x00000007aab00000,0x00000007efa80000)
  from space 60416K, 23% used [0x00000007efa80000,0x00000007f0839070,0x00000007f3580000)
  to   space 57344K, 0% used [0x00000007f3880000,0x00000007f3880000,0x00000007f7080000)
 ParOldGen       total 604672K, used 604630K [0x0000000700000000, 0x0000000724e80000, 0x00000007aab00000)
  object space 604672K, 99% used [0x0000000700000000,0x0000000724e75b78,0x0000000724e80000)
 Metaspace       used 178644K, committed 181248K, reserved 1245184K
  class space    used 24198K, committed 25536K, reserved 1048576K
}

Dll operation events (3 events):
Event: 0.031 Loaded shared library D:\Program Files\Android\Android Studio\jbr\bin\java.dll
Event: 0.045 Loaded shared library D:\Program Files\Android\Android Studio\jbr\bin\zip.dll
Event: 1.431 Loaded shared library D:\Program Files\Android\Android Studio\jbr\bin\verify.dll

Deoptimization events (20 events):
Event: 230.497 Thread 0x000002347d4d8000 DEOPT PACKING pc=0x000002345b58a234 sp=0x000000f52b6fadf0
Event: 230.497 Thread 0x000002347d4d8000 DEOPT UNPACKING pc=0x0000023458eb3aa2 sp=0x000000f52b6fad90 mode 2
Event: 230.497 Thread 0x000002347d4d8000 Uncommon trap: trap_request=0xffffff45 fr.pc=0x000002345986bd0c relative=0x000000000000056c
Event: 230.497 Thread 0x000002347d4d8000 Uncommon trap: reason=unstable_if action=reinterpret pc=0x000002345986bd0c method=com.android.tools.r8.graph.k4.a(IZ)V @ 7 c2
Event: 230.497 Thread 0x000002347d4d8000 DEOPT PACKING pc=0x000002345986bd0c sp=0x000000f52b6fad30
Event: 230.497 Thread 0x000002347d4d8000 DEOPT UNPACKING pc=0x0000023458eb3aa2 sp=0x000000f52b6fac70 mode 2
Event: 230.783 Thread 0x0000023473016a10 DEOPT PACKING pc=0x000002345569d53d sp=0x000000f52b1fa7a0
Event: 230.783 Thread 0x0000023473016a10 DEOPT UNPACKING pc=0x0000023458eb4242 sp=0x000000f52b1fa028 mode 0
Event: 230.872 Thread 0x0000023473016a10 DEOPT PACKING pc=0x000002345569d53d sp=0x000000f52b1fa7a0
Event: 230.873 Thread 0x0000023473016a10 DEOPT UNPACKING pc=0x0000023458eb4242 sp=0x000000f52b1fa028 mode 0
Event: 230.963 Thread 0x0000023473016a10 DEOPT PACKING pc=0x000002345569d53d sp=0x000000f52b1fa7a0
Event: 230.963 Thread 0x0000023473016a10 DEOPT UNPACKING pc=0x0000023458eb4242 sp=0x000000f52b1fa028 mode 0
Event: 230.983 Thread 0x000002347d4d72e0 Uncommon trap: trap_request=0xffffff6e fr.pc=0x000002345b217f34 relative=0x0000000000007014
Event: 230.983 Thread 0x000002347d4d72e0 Uncommon trap: reason=loop_limit_check action=maybe_recompile pc=0x000002345b217f34 method=com.android.tools.r8.internal.rT.a(Lcom/android/tools/r8/internal/DC;Ljava/util/ArrayList;Lcom/android/tools/r8/internal/lg0;Ljava/util/IdentityHashMap;)V @ 1138 c2
Event: 230.983 Thread 0x000002347d4d72e0 DEOPT PACKING pc=0x000002345b217f34 sp=0x000000f52b8fa530
Event: 230.983 Thread 0x000002347d4d72e0 DEOPT UNPACKING pc=0x0000023458eb3aa2 sp=0x000000f52b8fa530 mode 2
Event: 231.044 Thread 0x0000023473016a10 DEOPT PACKING pc=0x000002345569d927 sp=0x000000f52b1fa7a0
Event: 231.047 Thread 0x0000023473016a10 DEOPT UNPACKING pc=0x0000023458eb4242 sp=0x000000f52b1fa028 mode 0
Event: 231.132 Thread 0x0000023473016a10 DEOPT PACKING pc=0x000002345569d53d sp=0x000000f52b1fa7a0
Event: 231.132 Thread 0x0000023473016a10 DEOPT UNPACKING pc=0x0000023458eb4242 sp=0x000000f52b1fa028 mode 0

Classes loaded (20 events):
Event: 208.282 Loading class javax/xml/stream/events/Attribute done
Event: 208.282 Loading class com/sun/xml/internal/stream/events/AttributeImpl done
Event: 208.473 Loading class java/util/Spliterators$2Adapter
Event: 208.482 Loading class java/util/Spliterators$2Adapter done
Event: 208.483 Loading class com/sun/xml/internal/stream/events/EndElementEvent
Event: 208.483 Loading class javax/xml/stream/events/EndElement
Event: 208.483 Loading class javax/xml/stream/events/EndElement done
Event: 208.483 Loading class com/sun/xml/internal/stream/events/EndElementEvent done
Event: 211.248 Loading class com/sun/xml/internal/stream/events/NamespaceImpl
Event: 211.249 Loading class javax/xml/stream/events/Namespace
Event: 211.249 Loading class javax/xml/stream/events/Namespace done
Event: 211.249 Loading class com/sun/xml/internal/stream/events/NamespaceImpl done
Event: 211.293 Loading class java/lang/StringUTF16$CodePointsSpliterator
Event: 211.316 Loading class java/lang/StringUTF16$CodePointsSpliterator done
Event: 212.330 Loading class com/sun/xml/internal/stream/util/ReadOnlyIterator
Event: 212.330 Loading class com/sun/xml/internal/stream/util/ReadOnlyIterator done
Event: 216.219 Loading class com/sun/xml/internal/stream/events/CommentEvent
Event: 216.219 Loading class javax/xml/stream/events/Comment
Event: 216.219 Loading class javax/xml/stream/events/Comment done
Event: 216.219 Loading class com/sun/xml/internal/stream/events/CommentEvent done

Classes unloaded (17 events):
Event: 188.361 Thread 0x000002346a34ab50 Unloading class 0x00000008016de400 'java/lang/invoke/LambdaForm$DMH+0x00000008016de400'
Event: 188.361 Thread 0x000002346a34ab50 Unloading class 0x00000008016de000 'java/lang/invoke/LambdaForm$DMH+0x00000008016de000'
Event: 188.361 Thread 0x000002346a34ab50 Unloading class 0x00000008016ddc00 'java/lang/invoke/LambdaForm$DMH+0x00000008016ddc00'
Event: 188.361 Thread 0x000002346a34ab50 Unloading class 0x00000008016dd800 'java/lang/invoke/LambdaForm$DMH+0x00000008016dd800'
Event: 188.361 Thread 0x000002346a34ab50 Unloading class 0x00000008016dd400 'java/lang/invoke/LambdaForm$DMH+0x00000008016dd400'
Event: 188.361 Thread 0x000002346a34ab50 Unloading class 0x00000008016dcc00 'java/lang/invoke/LambdaForm$DMH+0x00000008016dcc00'
Event: 188.361 Thread 0x000002346a34ab50 Unloading class 0x00000008016dc800 'java/lang/invoke/LambdaForm$DMH+0x00000008016dc800'
Event: 188.361 Thread 0x000002346a34ab50 Unloading class 0x00000008016dc000 'java/lang/invoke/LambdaForm$DMH+0x00000008016dc000'
Event: 188.361 Thread 0x000002346a34ab50 Unloading class 0x00000008015f9400 'java/lang/invoke/LambdaForm$DMH+0x00000008015f9400'
Event: 188.361 Thread 0x000002346a34ab50 Unloading class 0x00000008015f9000 'java/lang/invoke/LambdaForm$DMH+0x00000008015f9000'
Event: 188.361 Thread 0x000002346a34ab50 Unloading class 0x00000008015f8c00 'java/lang/invoke/LambdaForm$DMH+0x00000008015f8c00'
Event: 188.361 Thread 0x000002346a34ab50 Unloading class 0x00000008015f8800 'java/lang/invoke/LambdaForm$DMH+0x00000008015f8800'
Event: 188.361 Thread 0x000002346a34ab50 Unloading class 0x00000008015f8400 'java/lang/invoke/LambdaForm$DMH+0x00000008015f8400'
Event: 198.333 Thread 0x000002346a34ab50 Unloading class 0x00000008017e8400 'java/lang/invoke/LambdaForm$DMH+0x00000008017e8400'
Event: 198.333 Thread 0x000002346a34ab50 Unloading class 0x00000008017e8000 'java/lang/invoke/LambdaForm$DMH+0x00000008017e8000'
Event: 198.333 Thread 0x000002346a34ab50 Unloading class 0x00000008017ac800 'java/lang/invoke/LambdaForm$DMH+0x00000008017ac800'
Event: 198.333 Thread 0x000002346a34ab50 Unloading class 0x00000008017ac400 'java/lang/invoke/LambdaForm$DMH+0x00000008017ac400'

Classes redefined (0 events):
No events

Internal exceptions (20 events):
Event: 219.849 Thread 0x000002347d4d7970 Exception <a 'sun/nio/fs/WindowsException'{0x00000007b57fa7f8}> (0x00000007b57fa7f8) 
thrown [s\src\hotspot\share\prims\jni.cpp, line 537]
Event: 220.531 Thread 0x0000023473016a10 Exception <a 'sun/nio/fs/WindowsException'{0x00000007c8c15e50}> (0x00000007c8c15e50) 
thrown [s\src\hotspot\share\prims\jni.cpp, line 537]
Event: 220.553 Thread 0x0000023473599f90 Exception <a 'sun/nio/fs/WindowsException'{0x00000007cd1afb78}> (0x00000007cd1afb78) 
thrown [s\src\hotspot\share\prims\jni.cpp, line 537]
Event: 221.163 Thread 0x0000023473599f90 Exception <a 'sun/nio/fs/WindowsException'{0x00000007ab7a2258}> (0x00000007ab7a2258) 
thrown [s\src\hotspot\share\prims\jni.cpp, line 537]
Event: 221.603 Thread 0x000002347d4d93b0 Exception <a 'sun/nio/fs/WindowsException'{0x00000007bc98d028}> (0x00000007bc98d028) 
thrown [s\src\hotspot\share\prims\jni.cpp, line 537]
Event: 221.976 Thread 0x0000023473599f90 Exception <a 'sun/nio/fs/WindowsException'{0x00000007cb318ce8}> (0x00000007cb318ce8) 
thrown [s\src\hotspot\share\prims\jni.cpp, line 537]
Event: 222.136 Thread 0x000002347d4d8000 Exception <a 'sun/nio/fs/WindowsException'{0x00000007cf9bf318}> (0x00000007cf9bf318) 
thrown [s\src\hotspot\share\prims\jni.cpp, line 537]
Event: 222.235 Thread 0x000002347d4d7970 Implicit null exception at 0x000002345b65dc88 to 0x000002345b6645c0
Event: 222.275 Thread 0x0000023473016a10 Exception <a 'sun/nio/fs/WindowsException'{0x00000007d59d5098}> (0x00000007d59d5098) 
thrown [s\src\hotspot\share\prims\jni.cpp, line 537]
Event: 222.589 Thread 0x0000023473013c20 Exception <a 'sun/nio/fs/WindowsException'{0x00000007e0d4fee0}> (0x00000007e0d4fee0) 
thrown [s\src\hotspot\share\prims\jni.cpp, line 537]
Event: 222.824 Thread 0x000002347d4d8000 Exception <a 'sun/nio/fs/WindowsException'{0x00000007b2150870}> (0x00000007b2150870) 
thrown [s\src\hotspot\share\prims\jni.cpp, line 537]
Event: 223.188 Thread 0x0000023473599f90 Exception <a 'sun/nio/fs/WindowsException'{0x00000007c3aaa8d0}> (0x00000007c3aaa8d0) 
thrown [s\src\hotspot\share\prims\jni.cpp, line 537]
Event: 223.445 Thread 0x000002347d4d8000 Exception <a 'sun/nio/fs/WindowsException'{0x00000007cfe9c2a8}> (0x00000007cfe9c2a8) 
thrown [s\src\hotspot\share\prims\jni.cpp, line 537]
Event: 223.906 Thread 0x0000023473013c20 Exception <a 'sun/nio/fs/WindowsException'{0x00000007e2699fb0}> (0x00000007e2699fb0) 
thrown [s\src\hotspot\share\prims\jni.cpp, line 537]
Event: 229.457 Thread 0x0000023473014940 Exception <a 'sun/nio/fs/WindowsException'{0x00000007ade93138}> (0x00000007ade93138) 
thrown [s\src\hotspot\share\prims\jni.cpp, line 537]
Event: 229.616 Thread 0x0000023473599f90 Exception <a 'sun/nio/fs/WindowsException'{0x00000007b784ad80}> (0x00000007b784ad80) 
thrown [s\src\hotspot\share\prims\jni.cpp, line 537]
Event: 229.798 Thread 0x000002347d4ddbe0 Exception <a 'sun/nio/fs/WindowsException'{0x00000007be976658}> (0x00000007be976658) 
thrown [s\src\hotspot\share\prims\jni.cpp, line 537]
Event: 230.601 Thread 0x000002347d4d93b0 Exception <a 'sun/nio/fs/WindowsException'{0x00000007dc984190}> (0x00000007dc984190) 
thrown [s\src\hotspot\share\prims\jni.cpp, line 537]
Event: 230.900 Thread 0x000002347d4da0d0 Exception <a 'sun/nio/fs/WindowsException'{0x00000007e1269db8}> (0x00000007e1269db8) 
thrown [s\src\hotspot\share\prims\jni.cpp, line 537]
Event: 230.931 Thread 0x0000023473599f90 Exception <a 'sun/nio/fs/WindowsException'{0x00000007e6c67ec8}> (0x00000007e6c67ec8) 
thrown [s\src\hotspot\share\prims\jni.cpp, line 537]

ZGC Phase Switch (0 events):
No events

VM Operations (20 events):
Event: 218.858 Executing VM operation: Cleanup done
Event: 219.505 Executing VM operation: ParallelGCFailedAllocation (Allocation Failure)
Event: 219.550 Executing VM operation: ParallelGCFailedAllocation (Allocation Failure) done
Event: 220.555 Executing VM operation: Cleanup
Event: 220.571 Executing VM operation: Cleanup done
Event: 221.106 Executing VM operation: ParallelGCFailedAllocation (Allocation Failure)
Event: 221.116 Executing VM operation: ParallelGCFailedAllocation (Allocation Failure) done
Event: 221.121 Executing VM operation: ParallelGCFailedAllocation (Allocation Failure)
Event: 221.151 Executing VM operation: ParallelGCFailedAllocation (Allocation Failure) done
Event: 222.158 Executing VM operation: Cleanup
Event: 222.174 Executing VM operation: Cleanup done
Event: 222.612 Executing VM operation: ParallelGCFailedAllocation (Allocation Failure)
Event: 222.631 Executing VM operation: ParallelGCFailedAllocation (Allocation Failure) done
Event: 223.632 Executing VM operation: Cleanup
Event: 223.637 Executing VM operation: Cleanup done
Event: 224.302 Executing VM operation: ParallelGCFailedAllocation (Allocation Failure)
Event: 229.341 Executing VM operation: ParallelGCFailedAllocation (Allocation Failure) done
Event: 230.352 Executing VM operation: Cleanup
Event: 230.384 Executing VM operation: Cleanup done
Event: 231.148 Executing VM operation: ParallelGCFailedAllocation (Allocation Failure)

Memory protections (0 events):
No events

Nmethod flushes (20 events):
Event: 198.385 Thread 0x000002346a34ab50 flushing  nmethod 0x0000023454786710
Event: 198.385 Thread 0x000002346a34ab50 flushing  nmethod 0x0000023454786f90
Event: 198.385 Thread 0x000002346a34ab50 flushing  nmethod 0x000002345478eb10
Event: 198.385 Thread 0x000002346a34ab50 flushing  nmethod 0x0000023454797e90
Event: 198.385 Thread 0x000002346a34ab50 flushing  nmethod 0x0000023454799910
Event: 198.385 Thread 0x000002346a34ab50 flushing  nmethod 0x00000234547a0390
Event: 198.385 Thread 0x000002346a34ab50 flushing  nmethod 0x00000234547a4490
Event: 198.385 Thread 0x000002346a34ab50 flushing  nmethod 0x00000234547a4c90
Event: 198.385 Thread 0x000002346a34ab50 flushing  nmethod 0x00000234547a5510
Event: 198.385 Thread 0x000002346a34ab50 flushing  nmethod 0x00000234547a5f10
Event: 198.385 Thread 0x000002346a34ab50 flushing  nmethod 0x00000234547a9210
Event: 198.385 Thread 0x000002346a34ab50 flushing  nmethod 0x00000234547b9b10
Event: 198.385 Thread 0x000002346a34ab50 flushing  nmethod 0x00000234547bad90
Event: 198.385 Thread 0x000002346a34ab50 flushing  nmethod 0x00000234547bc390
Event: 198.385 Thread 0x000002346a34ab50 flushing  nmethod 0x00000234547bd810
Event: 198.385 Thread 0x000002346a34ab50 flushing  nmethod 0x00000234547ca390
Event: 198.385 Thread 0x000002346a34ab50 flushing  nmethod 0x00000234547cab90
Event: 198.385 Thread 0x000002346a34ab50 flushing  nmethod 0x00000234547cfe90
Event: 198.385 Thread 0x000002346a34ab50 flushing  nmethod 0x00000234547e6e10
Event: 198.385 Thread 0x000002346a34ab50 flushing  nmethod 0x00000234547f0b90

Events (20 events):
Event: 220.949 Thread 0x0000023476246120 Thread exited: 0x0000023476246120
Event: 220.949 Thread 0x00000234762423d0 Thread exited: 0x00000234762423d0
Event: 220.960 Thread 0x00000234768f13c0 Thread exited: 0x00000234768f13c0
Event: 220.968 Thread 0x00000234768f3b20 Thread exited: 0x00000234768f3b20
Event: 220.985 Thread 0x00000234768f2e00 Thread exited: 0x00000234768f2e00
Event: 221.912 Thread 0x0000023474e9a2d0 Thread added: 0x00000234762423d0
Event: 222.475 Thread 0x00000234762423d0 Thread exited: 0x00000234762423d0
Event: 222.591 Thread 0x000002346f4a5910 Thread added: 0x00000234762423d0
Event: 222.815 Thread 0x0000023474e9a2d0 Thread added: 0x0000023404c8b4b0
Event: 223.397 Thread 0x0000023404c8b4b0 Thread exited: 0x0000023404c8b4b0
Event: 223.718 Thread 0x00000234762423d0 Thread exited: 0x00000234762423d0
Event: 229.341 Thread 0x0000023474e9a2d0 Thread exited: 0x0000023474e9a2d0
Event: 230.385 Thread 0x000002346f4a5910 Thread added: 0x00000234762423d0
Event: 230.385 Thread 0x000002346f4a5910 Thread added: 0x0000023474e9a2d0
Event: 230.385 Thread 0x000002346f4a5910 Thread added: 0x0000023405ed6000
Event: 230.385 Thread 0x000002346f4a5910 Thread added: 0x0000023405ed66d0
Event: 230.385 Thread 0x000002346f4a5910 Thread added: 0x0000023405ed5930
Event: 230.396 Thread 0x000002346f4a5910 Thread added: 0x0000023405ed6da0
Event: 230.439 Thread 0x0000023474e9a2d0 Thread added: 0x0000023405ed7470
Event: 230.729 Thread 0x0000023405ed7470 Thread exited: 0x0000023405ed7470


Dynamic libraries:
0x00007ff6c6760000 - 0x00007ff6c676a000 	D:\Program Files\Android\Android Studio\jbr\bin\java.exe
0x00007ffd7bf60000 - 0x00007ffd7c1c0000 	C:\WINDOWS\SYSTEM32\ntdll.dll
0x00007ffd7a9d0000 - 0x00007ffd7aa97000 	C:\WINDOWS\System32\KERNEL32.DLL
0x00007ffd79780000 - 0x00007ffd79b49000 	C:\WINDOWS\System32\KERNELBASE.dll
0x00007ffd75940000 - 0x00007ffd759dc000 	C:\WINDOWS\SYSTEM32\apphelp.dll
0x00007ffd79420000 - 0x00007ffd7956c000 	C:\WINDOWS\System32\ucrtbase.dll
0x00007ffd38350000 - 0x00007ffd38368000 	D:\Program Files\Android\Android Studio\jbr\bin\jli.dll
0x00007ffd7a5f0000 - 0x00007ffd7a7b9000 	C:\WINDOWS\System32\USER32.dll
0x00007ffd793f0000 - 0x00007ffd79417000 	C:\WINDOWS\System32\win32u.dll
0x00007ffd7a7c0000 - 0x00007ffd7a7ea000 	C:\WINDOWS\System32\GDI32.dll
0x00007ffd79140000 - 0x00007ffd79271000 	C:\WINDOWS\System32\gdi32full.dll
0x00007ffd79280000 - 0x00007ffd79323000 	C:\WINDOWS\System32\msvcp_win.dll
0x00007ffd49bf0000 - 0x00007ffd49c0b000 	D:\Program Files\Android\Android Studio\jbr\bin\VCRUNTIME140.dll
0x00007ffd48640000 - 0x00007ffd488d7000 	C:\WINDOWS\WinSxS\amd64_microsoft.windows.common-controls_6595b64144ccf1df_6.0.26100.3380_none_3e0ec6aae32e8fb7\COMCTL32.dll
0x00007ffd79d70000 - 0x00007ffd79e19000 	C:\WINDOWS\System32\msvcrt.dll
0x00007ffd79ef0000 - 0x00007ffd79f1f000 	C:\WINDOWS\System32\IMM32.DLL
0x00007ffd70190000 - 0x00007ffd7019c000 	D:\Program Files\Android\Android Studio\jbr\bin\vcruntime140_1.dll
0x00007ffcb3d50000 - 0x00007ffcb3ddd000 	D:\Program Files\Android\Android Studio\jbr\bin\msvcp140.dll
0x00007ffca50e0000 - 0x00007ffca5d76000 	D:\Program Files\Android\Android Studio\jbr\bin\server\jvm.dll
0x00007ffd79f30000 - 0x00007ffd79fe2000 	C:\WINDOWS\System32\ADVAPI32.dll
0x00007ffd7a190000 - 0x00007ffd7a236000 	C:\WINDOWS\System32\sechost.dll
0x00007ffd7a890000 - 0x00007ffd7a9a6000 	C:\WINDOWS\System32\RPCRT4.dll
0x00007ffd7ace0000 - 0x00007ffd7ad54000 	C:\WINDOWS\System32\WS2_32.dll
0x00007ffd78870000 - 0x00007ffd788ce000 	C:\WINDOWS\SYSTEM32\POWRPROF.dll
0x00007ffd6c350000 - 0x00007ffd6c386000 	C:\WINDOWS\SYSTEM32\WINMM.dll
0x00007ffd6e260000 - 0x00007ffd6e26b000 	C:\WINDOWS\SYSTEM32\VERSION.dll
0x00007ffd78850000 - 0x00007ffd78864000 	C:\WINDOWS\SYSTEM32\UMPDC.dll
0x00007ffd77f10000 - 0x00007ffd77f2a000 	C:\WINDOWS\SYSTEM32\kernel.appcore.dll
0x00007ffd70110000 - 0x00007ffd7011a000 	D:\Program Files\Android\Android Studio\jbr\bin\jimage.dll
0x00007ffd767f0000 - 0x00007ffd76a31000 	C:\WINDOWS\SYSTEM32\DBGHELP.DLL
0x00007ffd7b930000 - 0x00007ffd7bcb2000 	C:\WINDOWS\System32\combase.dll
0x00007ffd7a510000 - 0x00007ffd7a5e6000 	C:\WINDOWS\System32\OLEAUT32.dll
0x00007ffd34bd0000 - 0x00007ffd34c09000 	C:\WINDOWS\SYSTEM32\dbgcore.DLL
0x00007ffd79b50000 - 0x00007ffd79be9000 	C:\WINDOWS\System32\bcryptPrimitives.dll
0x00007ffd6ff30000 - 0x00007ffd6ff3e000 	D:\Program Files\Android\Android Studio\jbr\bin\instrument.dll
0x00007ffd38330000 - 0x00007ffd38350000 	D:\Program Files\Android\Android Studio\jbr\bin\java.dll
0x00007ffd2fa50000 - 0x00007ffd2fa68000 	D:\Program Files\Android\Android Studio\jbr\bin\zip.dll
0x00007ffd7b200000 - 0x00007ffd7b91e000 	C:\WINDOWS\System32\SHELL32.dll
0x00007ffd79bf0000 - 0x00007ffd79d58000 	C:\WINDOWS\System32\wintypes.dll
0x00007ffd76dd0000 - 0x00007ffd7761a000 	C:\WINDOWS\SYSTEM32\windows.storage.dll
0x00007ffd7a240000 - 0x00007ffd7a32d000 	C:\WINDOWS\System32\SHCORE.dll
0x00007ffd7beb0000 - 0x00007ffd7bf14000 	C:\WINDOWS\System32\shlwapi.dll
0x00007ffd79050000 - 0x00007ffd7907f000 	C:\WINDOWS\SYSTEM32\profapi.dll
0x00007ffd6bf30000 - 0x00007ffd6bf40000 	D:\Program Files\Android\Android Studio\jbr\bin\net.dll
0x00007ffd6fd90000 - 0x00007ffd6fead000 	C:\WINDOWS\SYSTEM32\WINHTTP.dll
0x00007ffd78410000 - 0x00007ffd7847a000 	C:\WINDOWS\system32\mswsock.dll
0x00007ffd2e2f0000 - 0x00007ffd2e306000 	D:\Program Files\Android\Android Studio\jbr\bin\nio.dll
0x00007ffd6b380000 - 0x00007ffd6b390000 	D:\Program Files\Android\Android Studio\jbr\bin\verify.dll
0x00007ffd09030000 - 0x00007ffd09057000 	C:\Users\gyyzkczx\.gradle\native\1def1411415f61bf3af743bc5b6707747c0891f09f0c88961ee8f79bc544acac\windows-amd64\native-platform.dll
0x00007ffd2e460000 - 0x00007ffd2e4d8000 	C:\Users\gyyzkczx\.gradle\native\0.2.7\x86_64-windows-gnu\gradle-fileevents.dll
0x00007ffd4d800000 - 0x00007ffd4d809000 	D:\Program Files\Android\Android Studio\jbr\bin\management.dll
0x00007ffd4d7d0000 - 0x00007ffd4d7db000 	D:\Program Files\Android\Android Studio\jbr\bin\management_ext.dll
0x00007ffd7bd40000 - 0x00007ffd7bd48000 	C:\WINDOWS\System32\PSAPI.DLL
0x00007ffd77a70000 - 0x00007ffd77aa3000 	C:\WINDOWS\SYSTEM32\IPHLPAPI.DLL
0x00007ffd7b1f0000 - 0x00007ffd7b1fa000 	C:\WINDOWS\System32\NSI.dll
0x00007ffd49be0000 - 0x00007ffd49be9000 	D:\Program Files\Android\Android Studio\jbr\bin\extnet.dll
0x00007ffd788e0000 - 0x00007ffd788fc000 	C:\WINDOWS\SYSTEM32\CRYPTSP.dll
0x00007ffd77e70000 - 0x00007ffd77eaa000 	C:\WINDOWS\system32\rsaenh.dll
0x00007ffd784b0000 - 0x00007ffd784db000 	C:\WINDOWS\SYSTEM32\USERENV.dll
0x00007ffd78a70000 - 0x00007ffd78a96000 	C:\WINDOWS\SYSTEM32\bcrypt.dll
0x00007ffd78640000 - 0x00007ffd7864c000 	C:\WINDOWS\SYSTEM32\CRYPTBASE.dll
0x00007ffd36a00000 - 0x00007ffd36a08000 	C:\WINDOWS\system32\wshunix.dll
0x00007ffd2a460000 - 0x00007ffd2a478000 	C:\WINDOWS\system32\napinsp.dll
0x00007ffd77ab0000 - 0x00007ffd77bd5000 	C:\WINDOWS\SYSTEM32\DNSAPI.dll
0x00007ffd2a440000 - 0x00007ffd2a452000 	C:\WINDOWS\System32\winrnr.dll
0x00007ffd28810000 - 0x00007ffd28840000 	C:\WINDOWS\system32\nlansp_c.dll
0x00007ffd38720000 - 0x00007ffd38736000 	C:\WINDOWS\system32\wshbth.dll
0x00007ffd6f760000 - 0x00007ffd6f76b000 	C:\Windows\System32\rasadhlp.dll
0x00007ffd71270000 - 0x00007ffd712f5000 	C:\WINDOWS\System32\fwpuclnt.dll
0x00007ffd78030000 - 0x00007ffd78065000 	C:\WINDOWS\SYSTEM32\ntmarta.dll

JVMTI agents:
C:\Users\gyyzkczx\.gradle\wrapper\dists\gradle-8.13-bin\5xuhj0ry160q40clulazy9h7d\gradle-8.13\lib\agents\gradle-instrumentation-agent-8.13.jar path:D:\Program Files\Android\Android Studio\jbr\bin\instrument.dll, loaded, initialized, instrumentlib options:none

dbghelp: loaded successfully - version: 4.0.5 - missing functions: none
symbol engine: initialized successfully - sym options: 0x614 - pdb path: .;D:\Program Files\Android\Android Studio\jbr\bin;C:\WINDOWS\SYSTEM32;C:\WINDOWS\WinSxS\amd64_microsoft.windows.common-controls_6595b64144ccf1df_6.0.26100.3380_none_3e0ec6aae32e8fb7;D:\Program Files\Android\Android Studio\jbr\bin\server;C:\Users\gyyzkczx\.gradle\native\1def1411415f61bf3af743bc5b6707747c0891f09f0c88961ee8f79bc544acac\windows-amd64;C:\Users\gyyzkczx\.gradle\native\0.2.7\x86_64-windows-gnu

VM Arguments:
jvm_args: --add-opens=java.base/java.lang=ALL-UNNAMED --add-opens=java.base/java.lang.invoke=ALL-UNNAMED --add-opens=java.base/java.util=ALL-UNNAMED --add-opens=java.prefs/java.util.prefs=ALL-UNNAMED --add-exports=jdk.compiler/com.sun.tools.javac.api=ALL-UNNAMED --add-exports=jdk.compiler/com.sun.tools.javac.util=ALL-UNNAMED --add-opens=java.base/java.util=ALL-UNNAMED --add-opens=java.prefs/java.util.prefs=ALL-UNNAMED --add-opens=java.base/java.nio.charset=ALL-UNNAMED --add-opens=java.base/java.net=ALL-UNNAMED --add-opens=java.base/java.util.concurrent.atomic=ALL-UNNAMED --add-opens=java.xml/javax.xml.namespace=ALL-UNNAMED -XX:+HeapDumpOnOutOfMemoryError -XX:+UseParallelGC -Xmx4096m -Dfile.encoding=UTF-8 -Duser.country=CN -Duser.language=zh -Duser.variant -javaagent:C:\Users\gyyzkczx\.gradle\wrapper\dists\gradle-8.13-bin\5xuhj0ry160q40clulazy9h7d\gradle-8.13\lib\agents\gradle-instrumentation-agent-8.13.jar 
java_command: org.gradle.launcher.daemon.bootstrap.GradleDaemon 8.13
java_class_path (initial): C:\Users\gyyzkczx\.gradle\wrapper\dists\gradle-8.13-bin\5xuhj0ry160q40clulazy9h7d\gradle-8.13\lib\gradle-daemon-main-8.13.jar
Launcher Type: SUN_STANDARD

[Global flags]
     intx CICompilerCount                          = 12                                        {product} {ergonomic}
     bool HeapDumpOnOutOfMemoryError               = true                                   {manageable} {command line}
   size_t InitialHeapSize                          = 264241152                                 {product} {ergonomic}
   size_t MaxHeapSize                              = 4294967296                                {product} {command line}
   size_t MaxNewSize                               = 1431306240                                {product} {ergonomic}
   size_t MinHeapDeltaBytes                        = 524288                                    {product} {ergonomic}
   size_t MinHeapSize                              = 8388608                                   {product} {ergonomic}
   size_t NewSize                                  = 88080384                                  {product} {ergonomic}
    uintx NonNMethodCodeHeapSize                   = 7602480                                {pd product} {ergonomic}
    uintx NonProfiledCodeHeapSize                  = 122027880                              {pd product} {ergonomic}
   size_t OldSize                                  = 176160768                                 {product} {ergonomic}
    uintx ProfiledCodeHeapSize                     = 122027880                              {pd product} {ergonomic}
    uintx ReservedCodeCacheSize                    = 251658240                              {pd product} {ergonomic}
     bool SegmentedCodeCache                       = true                                      {product} {ergonomic}
   size_t SoftMaxHeapSize                          = 4294967296                             {manageable} {ergonomic}
     bool UseCompressedOops                        = true                           {product lp64_product} {ergonomic}
     bool UseLargePagesIndividualAllocation        = false                                  {pd product} {ergonomic}
     bool UseParallelGC                            = true                                      {product} {command line}

Logging:
Log output configuration:
 #0: stdout all=warning uptime,level,tags foldmultilines=false
 #1: stderr all=off uptime,level,tags foldmultilines=false

Environment Variables:
JAVA_HOME=D:\Program Files\Android\Android Studio\jbr
PATH=C:\Program Files\RevvitySignalsSoftware\ChemDrawApplications\ChemScript\Lib;C:\WINDOWS\system32;C:\WINDOWS;C:\WINDOWS\System32\Wbem;C:\WINDOWS\System32\WindowsPowerShell\v1.0\;C:\WINDOWS\System32\OpenSSH\;D:\Program Files\Android\Android Studio\jbr\bin;C:\Program Files\Docker\Docker\resources\bin;D:\adb;D:\Inkscape\bin;D:\Program Files\MiKTeX\miktex\bin\x64\;D:\ffmpeg\bin;D:\Program Files\Git\cmd;D:\ccache;D:\Android SDK\tools;D:\Android SDK\tools\bin;D:\Android SDK\platform-tools;D:\Program Files\nodejs\;C:\ProgramData\chocolatey\bin;D:\texlive\bin\windows;C:\Users\gyyzkczx\AppData\Local\Programs\Python\Python311\Scripts\;C:\Users\gyyzkczx\AppData\Local\Programs\Python\Python311\;C:\Users\gyyzkczx\AppData\Local\Microsoft\WindowsApps;D:\Users\gyyzkczx\AppData\Local\Programs\Microsoft VS Code\bin;D:\Users\gyyzkczx\AppData\Local\Programs\MiKTeX\miktex\bin\x64\;C:\Users\gyyzkczx\AppData\Roaming\npm
USERNAME=gyyzkczx
OS=Windows_NT
PROCESSOR_IDENTIFIER=Intel64 Family 6 Model 154 Stepping 3, GenuineIntel
TMP=C:\Users\gyyzkczx\AppData\Local\Temp
TEMP=C:\Users\gyyzkczx\AppData\Local\Temp




Periodic native trim disabled

JNI global refs:
JNI global refs: 41, weak refs: 9

JNI global refs memory usage: 835, weak refs: 833

Process memory usage:
Resident Set Size: 2203620K (13% of 16437216K total physical memory with 1270900K free physical memory)

OOME stack traces (most recent first):
Classloader memory used:
Loader org.gradle.internal.classloader.VisitableURLClassLoader$InstrumentingVisitableURLClassLoader: 75404K
Loader org.gradle.internal.classloader.VisitableURLClassLoader                         : 49020K
Loader bootstrap                                                                       : 33786K
Loader org.gradle.initialization.MixInLegacyTypesClassLoader                           : 17846K
Loader jdk.internal.reflect.DelegatingClassLoader                                      : 1400K
Loader jdk.internal.loader.ClassLoaders$PlatformClassLoader                            : 575K
Loader jdk.internal.loader.ClassLoaders$AppClassLoader                                 : 235K
Loader org.gradle.internal.classloader.VisitableURLClassLoader                         : 221K
Loader org.gradle.groovy.scripts.internal.DefaultScriptCompilationHandler$ScriptClassLoader: 137K
Loader org.codehaus.groovy.runtime.callsite.CallSiteClassLoader                        : 27488B
Loader sun.reflect.misc.MethodUtil                                                     : 3000B

Classes loaded by more than one classloader:
Class Program                                                                         : loaded 5 times (x 72B)
Class Build_gradle                                                                    : loaded 3 times (x 130B)
Class Build_gradle$1                                                                  : loaded 3 times (x 74B)
Class com.google.common.collect.RegularImmutableMap$KeySet                            : loaded 2 times (x 152B)
Class org.gradle.internal.classloader.FilteringClassLoader                            : loaded 2 times (x 105B)
Class [Lcom.google.common.collect.MapMakerInternalMap$Segment;                        : loaded 2 times (x 69B)
Class [Lcom.google.common.base.AbstractIterator$State;                                : loaded 2 times (x 69B)
Class com.google.common.io.FileWriteMode                                              : loaded 2 times (x 79B)
Class com.google.common.base.CharMatcher$IsEither                                     : loaded 2 times (x 111B)
Class org.gradle.internal.classloader.ClassLoaderHierarchy                            : loaded 2 times (x 70B)
Class com.google.common.collect.AbstractMapBasedMultimap$WrappedCollection            : loaded 2 times (x 124B)
Class com.google.common.collect.ImmutableEnumSet                                      : loaded 2 times (x 146B)
Class com.google.common.util.concurrent.ExecutionError                                : loaded 2 times (x 82B)
Class com.google.common.collect.ImmutableList$1                                       : loaded 2 times (x 97B)
Class org.gradle.api.internal.classpath.ManifestUtil                                  : loaded 2 times (x 71B)
Class com.google.common.io.ByteArrayDataOutput                                        : loaded 2 times (x 70B)
Class com.google.common.collect.RegularImmutableMap                                   : loaded 2 times (x 121B)
Class com.google.common.collect.ImmutableMap$MapViewOfValuesAsSingletonSets           : loaded 2 times (x 126B)
Class com.google.common.collect.TransformedListIterator                               : loaded 2 times (x 93B)
Class com.google.common.reflect.TypeCapture                                           : loaded 2 times (x 71B)
Class [Lorg.objectweb.asm.Symbol;                                                     : loaded 2 times (x 69B)
Class org.objectweb.asm.ClassVisitor                                                  : loaded 2 times (x 88B)
Class com.google.common.collect.UnmodifiableListIterator                              : loaded 2 times (x 95B)
Class com.google.common.collect.MapMakerInternalMap$StrongKeyDummyValueEntry$LinkedStrongKeyDummyValueEntry: loaded 2 times (x 82B)
Class com.google.common.collect.MapMakerInternalMap$Strength                          : loaded 2 times (x 80B)
Class com.google.common.base.Platform$JdkPatternCompiler                              : loaded 2 times (x 75B)
Class org.objectweb.asm.MethodTooLargeException                                       : loaded 2 times (x 83B)
Class [Lcom.google.common.cache.CacheBuilder$OneWeigher;                              : loaded 2 times (x 69B)
Class com.google.common.base.Suppliers                                                : loaded 2 times (x 71B)
Class org.gradle.internal.classloader.DefaultClassLoaderFactory                       : loaded 2 times (x 82B)
Class org.apache.commons.io.file.PathUtils                                            : loaded 2 times (x 71B)
Class com.google.common.base.CharMatcher$None                                         : loaded 2 times (x 112B)
Class com.google.common.io.ByteSource$ConcatenatedByteSource                          : loaded 2 times (x 85B)
Class org.gradle.internal.classloader.ClassLoaderVisitor                              : loaded 2 times (x 76B)
Class [Lcom.google.common.collect.ImmutableMapEntry;                                  : loaded 2 times (x 69B)
Class org.gradle.api.internal.classpath.EffectiveClassPath                            : loaded 2 times (x 90B)
Class [Lorg.apache.commons.io.StandardLineSeparator;                                  : loaded 2 times (x 69B)
Class org.apache.commons.io.output.StringBuilderWriter                                : loaded 2 times (x 100B)
Class com.google.common.collect.ImmutableRangeSet                                     : loaded 2 times (x 115B)
Class com.google.common.collect.ListMultimap                                          : loaded 2 times (x 70B)
Class com.google.common.collect.ImmutableEnumMap                                      : loaded 2 times (x 126B)
Class com.google.common.collect.Iterators$EmptyModifiableIterator                     : loaded 2 times (x 86B)
Class com.google.common.base.Splitter                                                 : loaded 2 times (x 72B)
Class com.google.common.collect.Sets$1                                                : loaded 2 times (x 139B)
Class org.objectweb.asm.AnnotationVisitor                                             : loaded 2 times (x 78B)
Class org.gradle.api.internal.DefaultClassPathProvider                                : loaded 2 times (x 76B)
Class com.google.common.collect.MapMakerInternalMap$Strength$1                        : loaded 2 times (x 80B)
Class com.google.common.collect.Maps$ViewCachingAbstractMap                           : loaded 2 times (x 125B)
Class com.google.common.io.CharSource$ConcatenatedCharSource                          : loaded 2 times (x 86B)
Class com.google.common.collect.Sets$2                                                : loaded 2 times (x 139B)
Class [Lorg.gradle.api.internal.ClassPathProvider;                                    : loaded 2 times (x 69B)
Class org.gradle.api.internal.ClassPathProvider                                       : loaded 2 times (x 70B)
Class com.google.common.collect.MapMakerInternalMap$Strength$2                        : loaded 2 times (x 80B)
Class com.google.common.reflect.Types$ClassOwnership$1                                : loaded 2 times (x 80B)
Class com.google.common.base.AbstractIterator$State                                   : loaded 2 times (x 79B)
Class [Lorg.objectweb.asm.AnnotationVisitor;                                          : loaded 2 times (x 69B)
Class com.google.common.collect.Sets$3                                                : loaded 2 times (x 139B)
Class com.google.common.util.concurrent.AbstractFuture$SafeAtomicHelper               : loaded 2 times (x 79B)
Class com.google.common.cache.LocalCache$LocalLoadingCache                            : loaded 2 times (x 134B)
Class org.gradle.internal.service.UnknownServiceException                             : loaded 2 times (x 83B)
Class com.google.common.collect.MapMakerInternalMap$StrongValueEntry                  : loaded 2 times (x 70B)
Class com.google.common.reflect.Types$ClassOwnership$2                                : loaded 2 times (x 80B)
Class com.google.common.reflect.TypeResolver                                          : loaded 2 times (x 72B)
Class com.google.common.io.ByteArrayDataInput                                         : loaded 2 times (x 70B)
Class com.google.common.collect.Sets$4                                                : loaded 2 times (x 139B)
Class org.objectweb.asm.ModuleVisitor                                                 : loaded 2 times (x 81B)
Class com.google.common.cache.LocalCache$Strength$1                                   : loaded 2 times (x 81B)
Class com.google.common.reflect.Types$ClassOwnership$3                                : loaded 2 times (x 71B)
Class org.apache.commons.io.output.QueueOutputStream                                  : loaded 2 times (x 87B)
Class com.google.common.util.concurrent.SettableFuture                                : loaded 2 times (x 114B)
Class com.google.common.cache.LocalCache$Strength$2                                   : loaded 2 times (x 81B)
Class com.google.common.collect.Interners$InternerImpl                                : loaded 2 times (x 75B)
Class com.google.common.collect.Interner                                              : loaded 2 times (x 70B)
Class com.google.common.collect.TransformedIterator                                   : loaded 2 times (x 80B)
Class com.google.common.base.Splitter$1                                               : loaded 2 times (x 77B)
Class com.google.common.io.ByteStreams                                                : loaded 2 times (x 71B)
Class com.google.common.cache.LocalCache$Strength$3                                   : loaded 2 times (x 81B)
Class com.google.common.collect.MapDifference                                         : loaded 2 times (x 70B)
Class com.google.common.collect.MapMaker$Dummy                                        : loaded 2 times (x 79B)
Class com.google.common.reflect.Invokable                                             : loaded 2 times (x 103B)
Class org.objectweb.asm.FieldWriter                                                   : loaded 2 times (x 78B)
Class com.google.common.cache.CacheBuilder$NullListener                               : loaded 2 times (x 82B)
Class org.gradle.internal.classpath.TransformedClassPath                              : loaded 2 times (x 96B)
Class org.gradle.internal.classloader.InstrumentingClassLoader                        : loaded 2 times (x 70B)
Class com.google.common.collect.ImmutableListMultimap                                 : loaded 2 times (x 176B)
Class com.google.common.reflect.Types$ParameterizedTypeImpl                           : loaded 2 times (x 81B)
Class org.apache.commons.io.output.UnsynchronizedByteArrayOutputStream                : loaded 2 times (x 102B)
Class com.google.common.collect.ImmutableRangeSet$AsSet                               : loaded 2 times (x 300B)
Class com.google.common.cache.CacheLoader$FunctionToCacheLoader                       : loaded 2 times (x 75B)
Class com.google.common.collect.Iterators$ArrayItr                                    : loaded 2 times (x 97B)
Class com.google.common.collect.ImmutableCollection$Builder                           : loaded 2 times (x 76B)
Class com.google.common.collect.EmptyImmutableListMultimap                            : loaded 2 times (x 176B)
Class com.google.common.reflect.TypeResolver$TypeVariableKey                          : loaded 2 times (x 72B)
Class org.apache.commons.io.output.ByteArrayOutputStream                              : loaded 2 times (x 102B)
Class com.google.common.collect.BaseImmutableMultimap                                 : loaded 2 times (x 123B)
Class com.google.common.base.Joiner                                                   : loaded 2 times (x 79B)
Class com.google.common.base.MoreObjects                                              : loaded 2 times (x 71B)
Class [Lorg.objectweb.asm.Attribute;                                                  : loaded 2 times (x 69B)
Class com.google.common.collect.Platform                                              : loaded 2 times (x 71B)
Class [Lorg.objectweb.asm.Type;                                                       : loaded 2 times (x 69B)
Class com.google.common.collect.UnmodifiableIterator                                  : loaded 2 times (x 80B)
Class org.gradle.internal.service.ServiceLocator                                      : loaded 2 times (x 70B)
Class org.apache.commons.io.FileExistsException                                       : loaded 2 times (x 82B)
Class com.google.common.collect.SingletonImmutableBiMap                               : loaded 2 times (x 143B)
Class com.google.common.base.Ascii                                                    : loaded 2 times (x 71B)
Class com.google.common.cache.LocalCache$1                                            : loaded 2 times (x 89B)
Class com.google.common.collect.AbstractMapEntry                                      : loaded 2 times (x 81B)
Class com.google.common.collect.MapMakerInternalMap$AbstractStrongKeyEntry            : loaded 2 times (x 80B)
Class com.google.common.reflect.TypeToken$SimpleTypeToken                             : loaded 2 times (x 73B)
Class com.google.common.io.CharSource$StringCharSource                                : loaded 2 times (x 86B)
Class com.google.common.io.ByteSource$ByteArrayByteSource                             : loaded 2 times (x 85B)
Class com.google.common.collect.Sets$ImprovedAbstractSet                              : loaded 2 times (x 135B)
Class com.google.common.collect.ImmutableList$Builder                                 : loaded 2 times (x 77B)
Class com.google.common.collect.AbstractMultimap                                      : loaded 2 times (x 123B)
Class com.google.common.cache.LocalCache$2                                            : loaded 2 times (x 142B)
Class com.google.common.collect.ImmutableRangeSet$1                                   : loaded 2 times (x 210B)
Class com.google.common.util.concurrent.AbstractFuture$UnsafeAtomicHelper$1           : loaded 2 times (x 76B)
Class com.google.common.collect.RegularImmutableAsList                                : loaded 2 times (x 217B)
Class com.google.common.base.Optional                                                 : loaded 2 times (x 80B)
Class com.google.common.collect.Range                                                 : loaded 2 times (x 87B)
Class com.google.common.util.concurrent.AbstractFuture$Trusted                        : loaded 2 times (x 70B)
Class com.google.common.collect.Iterators                                             : loaded 2 times (x 71B)
Class com.google.common.io.ByteSink$AsCharSink                                        : loaded 2 times (x 80B)
Class com.google.common.collect.Lists$StringAsImmutableList                           : loaded 2 times (x 207B)
Class com.google.common.util.concurrent.UncheckedExecutionException                   : loaded 2 times (x 82B)
Class org.gradle.kotlin.dsl.VersionCatalogAccessorsKt                                 : loaded 2 times (x 71B)
Class org.gradle.internal.InternalTransformer                                         : loaded 2 times (x 70B)
Class com.google.common.collect.AbstractMapBasedMultimap$KeySet$1                     : loaded 2 times (x 82B)
Class org.objectweb.asm.ClassWriter                                                   : loaded 2 times (x 106B)
Class com.google.common.base.CharMatcher$And                                          : loaded 2 times (x 112B)
Class com.google.common.cache.CacheLoader$UnsupportedLoadingOperationException        : loaded 2 times (x 82B)
Class org.gradle.internal.classloader.ClasspathUtil$1                                 : loaded 2 times (x 76B)
Class com.google.common.base.Objects                                                  : loaded 2 times (x 71B)
Class org.objectweb.asm.FieldVisitor                                                  : loaded 2 times (x 77B)
Class com.google.common.collect.IndexedImmutableSet                                   : loaded 2 times (x 152B)
Class com.google.common.collect.ImmutableMap$1                                        : loaded 2 times (x 81B)
Class com.google.common.collect.BiMap                                                 : loaded 2 times (x 70B)
Class org.gradle.api.internal.classpath.DefaultModuleRegistry$DefaultModule           : loaded 2 times (x 86B)
Class com.google.common.reflect.Reflection                                            : loaded 2 times (x 71B)
Class com.google.common.base.Absent                                                   : loaded 2 times (x 80B)
Class com.google.common.base.Equivalence$Identity                                     : loaded 2 times (x 82B)
Class com.google.common.collect.AbstractIterator                                      : loaded 2 times (x 82B)
Class com.google.common.collect.ObjectArrays                                          : loaded 2 times (x 71B)
Class com.google.common.collect.Multiset                                              : loaded 2 times (x 70B)
Class com.google.common.collect.ArrayListMultimapGwtSerializationDependencies         : loaded 2 times (x 172B)
Class com.google.common.collect.AbstractIndexedListIterator                           : loaded 2 times (x 96B)
Class com.google.common.math.MathPreconditions                                        : loaded 2 times (x 71B)
Class org.apache.commons.io.output.NullOutputStream                                   : loaded 2 times (x 85B)
Class com.google.common.collect.ImmutableMapEntrySet                                  : loaded 2 times (x 152B)
Class org.gradle.api.internal.classpath.Module                                        : loaded 2 times (x 70B)
Class com.google.common.cache.Weigher                                                 : loaded 2 times (x 70B)
Class org.gradle.api.internal.classpath.UnknownModuleException                        : loaded 2 times (x 82B)
Class org.apache.commons.io.Charsets                                                  : loaded 2 times (x 71B)
Class com.google.common.base.Stopwatch                                                : loaded 2 times (x 72B)
Class com.google.common.cache.LocalCache$Strength                                     : loaded 2 times (x 81B)
Class com.google.common.cache.Cache                                                   : loaded 2 times (x 70B)
Class com.google.common.io.AppendableWriter                                           : loaded 2 times (x 100B)
Class org.apache.commons.io.filefilter.IOFileFilter                                   : loaded 2 times (x 70B)
Class com.google.common.base.NullnessCasts                                            : loaded 2 times (x 71B)
Class com.google.common.io.Files$2                                                    : loaded 2 times (x 76B)
Class com.google.common.util.concurrent.AbstractFuture$Cancellation                   : loaded 2 times (x 72B)
Class com.google.common.collect.ImmutableMap$Builder                                  : loaded 2 times (x 82B)
Class com.google.common.collect.AbstractMapBasedMultimap$WrappedCollection$WrappedIterator: loaded 2 times (x 84B)
Class com.google.common.base.Present                                                  : loaded 2 times (x 81B)
Class com.google.common.cache.RemovalListener                                         : loaded 2 times (x 70B)
Class org.gradle.api.internal.DefaultClassPathRegistry                                : loaded 2 times (x 76B)
Class com.google.common.collect.ImmutableMultimap$Keys                                : loaded 2 times (x 166B)
Class org.apache.commons.io.file.DeleteOption                                         : loaded 2 times (x 70B)
Class com.google.common.reflect.Invokable$ConstructorInvokable                        : loaded 2 times (x 107B)
Class com.google.common.primitives.IntsMethodsForWeb                                  : loaded 2 times (x 71B)
Class com.google.common.collect.Multimap                                              : loaded 2 times (x 70B)
Class org.gradle.api.internal.ClassPathRegistry                                       : loaded 2 times (x 70B)
Class org.gradle.internal.classpath.DefaultClassPath$ImmutableUniqueList              : loaded 2 times (x 199B)
Class com.google.common.collect.MapMakerInternalMap$Segment                           : loaded 2 times (x 142B)
Class org.apache.commons.io.IOUtils                                                   : loaded 2 times (x 71B)
Class com.google.common.reflect.TypeToken                                             : loaded 2 times (x 73B)
Class com.google.common.base.ExtraObjectsMethodsForWeb                                : loaded 2 times (x 71B)
Class com.google.common.base.PairwiseEquivalence                                      : loaded 2 times (x 83B)
Class com.google.common.io.ByteSink                                                   : loaded 2 times (x 76B)
Class com.google.common.cache.CacheBuilder                                            : loaded 2 times (x 72B)
Class com.google.common.collect.SingletonImmutableList                                : loaded 2 times (x 207B)
Class Settings_gradle$1                                                               : loaded 2 times (x 74B)
Class org.gradle.internal.classpath.ClassPath                                         : loaded 2 times (x 70B)
Class org.gradle.api.UncheckedIOException                                             : loaded 2 times (x 82B)
Class com.google.common.collect.Interners$InternerBuilder                             : loaded 2 times (x 76B)
Class [Lcom.google.common.reflect.Types$JavaVersion;                                  : loaded 2 times (x 69B)
Class com.google.common.io.Files$FileByteSource                                       : loaded 2 times (x 85B)
Class com.google.common.base.JdkPattern                                               : loaded 2 times (x 75B)
Class com.google.common.collect.ImmutableList$ReverseImmutableList                    : loaded 2 times (x 209B)
Class com.google.common.io.CharStreams$NullWriter                                     : loaded 2 times (x 99B)
Class com.google.common.io.CharSource$CharSequenceCharSource                          : loaded 2 times (x 86B)
Class com.google.errorprone.annotations.DoNotMock                                     : loaded 2 times (x 70B)
Class org.objectweb.asm.SymbolTable$Entry                                             : loaded 2 times (x 74B)
Class com.google.common.util.concurrent.AbstractFuture$AtomicHelper                   : loaded 2 times (x 78B)
Class org.objectweb.asm.Edge                                                          : loaded 2 times (x 72B)
Class com.google.common.base.Suppliers$SupplierOfInstance                             : loaded 2 times (x 79B)
Class com.google.common.collect.Iterators$1                                           : loaded 2 times (x 81B)
Class com.google.common.reflect.TypeToken$1                                           : loaded 2 times (x 110B)
Class com.google.common.cache.LocalCache$ComputingValueReference                      : loaded 2 times (x 96B)
Class com.google.common.collect.SingletonImmutableSet                                 : loaded 2 times (x 146B)
Class com.google.common.collect.ImmutableMap$IteratorBasedImmutableMap                : loaded 2 times (x 126B)
Class com.google.common.reflect.TypeToken$2                                           : loaded 2 times (x 110B)
Class com.google.common.cache.LocalCache$Segment                                      : loaded 2 times (x 154B)
Class ijJvmDebugger1_b1j9dce10xai4dg1ng5cex0pj                                        : loaded 2 times (x 179B)
Class com.google.common.collect.SortedIterable                                        : loaded 2 times (x 70B)
Class com.google.common.collect.AbstractListMultimap                                  : loaded 2 times (x 172B)
Class [Lorg.objectweb.asm.SymbolTable$Entry;                                          : loaded 2 times (x 69B)
Class com.google.common.cache.CacheLoader                                             : loaded 2 times (x 74B)
Class com.google.common.collect.Iterators$4                                           : loaded 2 times (x 82B)
Class com.google.common.collect.ImmutableBiMap                                        : loaded 2 times (x 143B)
Class org.gradle.internal.installation.GradleInstallation$1                           : loaded 2 times (x 75B)
Class org.gradle.api.internal.classpath.ModuleRegistry                                : loaded 2 times (x 70B)
Class org.apache.commons.io.output.NullWriter                                         : loaded 2 times (x 99B)
Class com.google.common.base.Splitter$SplittingIterator                               : loaded 2 times (x 84B)
Class com.google.common.util.concurrent.internal.InternalFutureFailureAccess          : loaded 2 times (x 72B)
Class com.google.common.collect.Iterators$5                                           : loaded 2 times (x 82B)
Class com.google.common.collect.ImmutableSet$JdkBackedSetBuilderImpl                  : loaded 2 times (x 76B)
Class com.google.common.collect.ImmutableMultimap$Values                              : loaded 2 times (x 126B)
Class com.google.common.util.concurrent.AbstractFuture$UnsafeAtomicHelper             : loaded 2 times (x 78B)
Class com.google.common.base.CharMatcher$ForPredicate                                 : loaded 2 times (x 112B)
Class com.google.common.cache.LocalCache$LocalManualCache$1                           : loaded 2 times (x 75B)
Class com.google.common.base.CharMatcher$AnyOf                                        : loaded 2 times (x 112B)
Class com.google.common.collect.ImmutableCollection                                   : loaded 2 times (x 125B)
Class org.gradle.api.internal.classpath.DefaultModuleRegistry                         : loaded 2 times (x 86B)
Class com.google.common.collect.Lists                                                 : loaded 2 times (x 71B)
Class com.google.common.util.concurrent.ListenableFuture                              : loaded 2 times (x 70B)
Class com.google.common.cache.ReferenceEntry                                          : loaded 2 times (x 70B)
Class com.google.common.base.Converter                                                : loaded 2 times (x 90B)
Class com.google.common.collect.ImmutableSet$CachingAsList                            : loaded 2 times (x 148B)
Class com.google.common.collect.AbstractMapBasedMultimap                              : loaded 2 times (x 139B)
Class com.google.common.util.concurrent.AbstractFuture                                : loaded 2 times (x 106B)
Class com.google.common.base.FunctionalEquivalence                                    : loaded 2 times (x 83B)
Class com.google.common.collect.Iterators$9                                           : loaded 2 times (x 81B)
Class com.google.common.collect.ImmutableAsList                                       : loaded 2 times (x 209B)
Class com.google.common.io.CharStreams                                                : loaded 2 times (x 71B)
Class com.google.common.collect.ImmutableMultiset                                     : loaded 2 times (x 163B)
Class com.google.common.reflect.TypeResolver$TypeTable                                : loaded 2 times (x 73B)
Class org.objectweb.asm.RecordComponentVisitor                                        : loaded 2 times (x 77B)
Class com.google.common.cache.CacheLoader$SupplierToCacheLoader                       : loaded 2 times (x 75B)
Class ijJvmDebugger1_b1j9dce10xai4dg1ng5cex0pj$_run_closure1$_closure2                : loaded 2 times (x 140B)
Class com.google.common.reflect.TypeResolver$TypeTable$1                              : loaded 2 times (x 73B)
Class com.google.common.collect.Maps$EntryTransformer                                 : loaded 2 times (x 70B)
Class org.gradle.internal.service.ServiceLookupException                              : loaded 2 times (x 82B)
Class com.google.common.base.CharMatcher$JavaLetter                                   : loaded 2 times (x 111B)
Class com.google.common.collect.ImmutableSortedSet                                    : loaded 2 times (x 300B)
Class [Lcom.google.common.cache.LocalCache$EntryFactory;                              : loaded 2 times (x 69B)
Class org.gradle.internal.classloader.ClassLoaderFactory                              : loaded 2 times (x 70B)
Class org.apache.commons.io.CloseableURLConnection                                    : loaded 2 times (x 116B)
Class com.google.common.collect.ImmutableMap$SerializedForm                           : loaded 2 times (x 73B)
Class com.google.common.base.CommonPattern                                            : loaded 2 times (x 74B)
Class com.google.common.base.CharMatcher$IsNot                                        : loaded 2 times (x 111B)
Class com.google.common.cache.LocalCache$LocalManualCache                             : loaded 2 times (x 99B)
Class org.gradle.internal.service.CachingServiceLocator                               : loaded 2 times (x 82B)
Class com.google.common.collect.AbstractMapBasedMultimap$KeySet                       : loaded 2 times (x 137B)
Class com.google.common.collect.RegularImmutableSortedSet                             : loaded 2 times (x 300B)
Class com.google.common.math.IntMath                                                  : loaded 2 times (x 71B)
Class com.google.common.collect.MapMakerInternalMap$InternalEntry                     : loaded 2 times (x 70B)
Class com.google.common.reflect.Types$TypeVariableInvocationHandler                   : loaded 2 times (x 75B)
Class com.google.common.collect.ImmutableMapEntry                                     : loaded 2 times (x 85B)
Class com.google.common.collect.ImmutableMultimap                                     : loaded 2 times (x 147B)
Class com.google.common.base.Equivalence                                              : loaded 2 times (x 82B)
Class com.google.common.base.Function                                                 : loaded 2 times (x 70B)
Class com.google.common.collect.ImmutableMapEntry$NonTerminalImmutableMapEntry        : loaded 2 times (x 85B)
Class org.apache.commons.io.output.AbstractByteArrayOutputStream                      : loaded 2 times (x 102B)
Class com.google.common.collect.IndexedImmutableSet$1                                 : loaded 2 times (x 213B)
Class com.google.common.cache.CacheBuilder$OneWeigher                                 : loaded 2 times (x 82B)
Class com.google.common.collect.RegularImmutableList                                  : loaded 2 times (x 213B)
Class com.google.common.reflect.Types$ClassOwnership$1LocalClass                      : loaded 2 times (x 71B)
Class org.gradle.internal.classloader.ClasspathUtil                                   : loaded 2 times (x 71B)
Class com.google.common.base.Charsets                                                 : loaded 2 times (x 71B)
Class com.google.common.util.concurrent.Uninterruptibles                              : loaded 2 times (x 71B)
Class com.google.common.io.CharSource                                                 : loaded 2 times (x 85B)
Class com.google.common.collect.Maps                                                  : loaded 2 times (x 71B)
Class org.gradle.api.specs.Spec                                                       : loaded 2 times (x 70B)
Class com.google.common.collect.MapMaker                                              : loaded 2 times (x 72B)
Class com.google.common.reflect.Types$JavaVersion                                     : loaded 2 times (x 83B)
Class org.apache.commons.io.file.PathFilter                                           : loaded 2 times (x 70B)
Class [Lcom.google.common.collect.ImmutableEntry;                                     : loaded 2 times (x 69B)
Class com.google.common.cache.LocalCache$LoadingValueReference                        : loaded 2 times (x 96B)
Class com.google.common.primitives.Ints                                               : loaded 2 times (x 71B)
Class com.google.common.io.LineReader$1                                               : loaded 2 times (x 75B)
Class com.google.common.collect.CollectSpliterators                                   : loaded 2 times (x 71B)
Class com.google.common.collect.MapMakerInternalMap$StrongKeyDummyValueEntry          : loaded 2 times (x 82B)
Class com.google.common.reflect.Invokable$MethodInvokable                             : loaded 2 times (x 107B)
Class com.google.common.collect.AbstractMapBasedMultimap$AsMap                        : loaded 2 times (x 128B)
Class com.google.common.base.Platform                                                 : loaded 2 times (x 71B)
Class com.google.common.collect.AbstractMapBasedMultimap$WrappedList                  : loaded 2 times (x 205B)
Class [Lorg.objectweb.asm.AnnotationWriter;                                           : loaded 2 times (x 69B)
Class com.google.common.collect.Maps$8                                                : loaded 2 times (x 82B)
Class [Lcom.google.common.collect.Iterators$EmptyModifiableIterator;                  : loaded 2 times (x 69B)
Class com.google.common.collect.ImmutableRangeSet$Builder                             : loaded 2 times (x 77B)
Class com.google.common.collect.Sets$SetView                                          : loaded 2 times (x 138B)
Class com.google.common.cache.LocalCache$StrongValueReference                         : loaded 2 times (x 90B)
Class com.google.common.util.concurrent.AbstractFuture$SynchronizedHelper             : loaded 2 times (x 78B)
Class com.google.common.graph.SuccessorsFunction                                      : loaded 2 times (x 70B)
Class org.objectweb.asm.Type                                                          : loaded 2 times (x 72B)
Class org.gradle.internal.classloader.VisitableURLClassLoader$InstrumentingVisitableURLClassLoader: loaded 2 times (x 123B)
Class com.google.common.collect.MapMakerInternalMap$StrongKeyDummyValueEntry$Helper   : loaded 2 times (x 79B)
Class org.apache.commons.io.FileUtils                                                 : loaded 2 times (x 71B)
Class com.google.common.io.Files$FileByteSink                                         : loaded 2 times (x 77B)
Class org.objectweb.asm.ByteVector                                                    : loaded 2 times (x 79B)
Class [Lcom.google.common.cache.CacheBuilder$NullListener;                            : loaded 2 times (x 69B)
Class com.google.common.math.IntMath$1                                                : loaded 2 times (x 71B)
Class org.gradle.internal.classloader.VisitableURLClassLoader$Spec                    : loaded 2 times (x 74B)
Class org.gradle.internal.classpath.DefaultClassPath                                  : loaded 2 times (x 90B)
Class ijKotlinCoroutineJvmDebugInit1_n2d98el9wzxz9fu9bw0oe03z$_run_closure1           : loaded 2 times (x 139B)
Class com.google.common.reflect.Types$ClassOwnership                                  : loaded 2 times (x 80B)
Class com.google.common.base.AbstractIterator                                         : loaded 2 times (x 80B)
Class org.objectweb.asm.Symbol                                                        : loaded 2 times (x 73B)
Class ijJvmDebugger1_b1j9dce10xai4dg1ng5cex0pj$_run_closure1                          : loaded 2 times (x 139B)
Class com.google.common.io.Java8Compatibility                                         : loaded 2 times (x 71B)
Class com.google.common.io.Closer                                                     : loaded 2 times (x 78B)
Class com.google.common.base.CharMatcher$Ascii                                        : loaded 2 times (x 112B)
Class com.google.common.base.CharMatcher$BitSetMatcher                                : loaded 2 times (x 112B)
Class com.google.common.collect.RegularImmutableMap$Values                            : loaded 2 times (x 207B)
Class com.google.common.collect.ImmutableSet                                          : loaded 2 times (x 145B)
Class org.gradle.internal.classloader.ClassLoaderSpec                                 : loaded 2 times (x 71B)
Class com.google.common.io.ByteSource$EmptyByteSource                                 : loaded 2 times (x 85B)
Class org.objectweb.asm.AnnotationWriter                                              : loaded 2 times (x 79B)
Class com.google.common.cache.CacheStats                                              : loaded 2 times (x 71B)
Class com.google.common.collect.ImmutableMultisetGwtSerializationDependencies         : loaded 2 times (x 125B)
Class com.google.common.collect.Interners                                             : loaded 2 times (x 71B)
Class com.google.common.io.LineProcessor                                              : loaded 2 times (x 70B)
Class com.google.common.io.Closer$Suppressor                                          : loaded 2 times (x 70B)
Class org.objectweb.asm.RecordComponentWriter                                         : loaded 2 times (x 78B)
Class com.google.common.util.concurrent.AbstractFuture$Listener                       : loaded 2 times (x 72B)
Class com.google.common.base.CharMatcher$Or                                           : loaded 2 times (x 112B)
Class Settings_gradle$1$1                                                             : loaded 2 times (x 74B)
Class [Lorg.objectweb.asm.Label;                                                      : loaded 2 times (x 69B)
Class org.objectweb.asm.Attribute                                                     : loaded 2 times (x 77B)
Class com.google.common.base.Supplier                                                 : loaded 2 times (x 70B)
Class org.gradle.internal.classloader.VisitableURLClassLoader                         : loaded 2 times (x 117B)
Class com.google.common.collect.ImmutableList$SerializedForm                          : loaded 2 times (x 73B)
Class com.google.common.io.CharSource$AsByteSource                                    : loaded 2 times (x 85B)
Class com.google.common.util.concurrent.AbstractFuture$Waiter                         : loaded 2 times (x 72B)
Class Settings_gradle                                                                 : loaded 2 times (x 128B)
Class org.gradle.internal.Cast                                                        : loaded 2 times (x 71B)
Class org.gradle.api.Action                                                           : loaded 2 times (x 70B)
Class com.google.common.collect.MapMakerInternalMap                                   : loaded 2 times (x 161B)
Class com.google.common.base.Strings                                                  : loaded 2 times (x 71B)
Class com.google.common.collect.Sets                                                  : loaded 2 times (x 71B)
Class org.objectweb.asm.Handler                                                       : loaded 2 times (x 72B)
Class com.google.common.base.CharMatcher$FastMatcher                                  : loaded 2 times (x 111B)
Class com.google.common.base.Ticker                                                   : loaded 2 times (x 72B)
Class [Lcom.google.common.cache.LocalCache$Segment;                                   : loaded 2 times (x 69B)
Class com.google.common.base.Predicate                                                : loaded 2 times (x 70B)
Class [Lcom.google.common.cache.LocalCache$Strength;                                  : loaded 2 times (x 69B)
Class com.google.common.cache.CacheBuilder$1                                          : loaded 2 times (x 85B)
Class com.google.common.collect.ImmutableMap                                          : loaded 2 times (x 120B)
Class org.gradle.internal.classpath.DefaultClassPath$ImmutableUniqueList$Builder      : loaded 2 times (x 75B)
Class com.google.common.collect.MapMakerInternalMap$WeakValueReference                : loaded 2 times (x 70B)
Class com.google.common.collect.AbstractRangeSet                                      : loaded 2 times (x 114B)
Class com.google.common.base.CharMatcher$NegatedFastMatcher                           : loaded 2 times (x 113B)
Class com.google.common.cache.LocalCache                                              : loaded 2 times (x 187B)
Class com.google.common.cache.CacheBuilder$2                                          : loaded 2 times (x 79B)
Class com.google.common.collect.ArrayListMultimap                                     : loaded 2 times (x 172B)
Class com.google.common.cache.CacheBuilder$3                                          : loaded 2 times (x 72B)
Class [Lcom.google.common.collect.AbstractMapEntry;                                   : loaded 2 times (x 69B)
Class com.google.common.collect.ImmutableEntry                                        : loaded 2 times (x 82B)
Class org.gradle.api.GradleException                                                  : loaded 2 times (x 82B)
Class com.google.common.base.Suppliers$MemoizingSupplier                              : loaded 2 times (x 79B)
Class org.apache.commons.io.StandardLineSeparator                                     : loaded 2 times (x 79B)
Class com.google.common.io.CharSource$EmptyCharSource                                 : loaded 2 times (x 86B)
Class com.google.common.collect.CollectPreconditions                                  : loaded 2 times (x 71B)
Class [Lcom.google.common.collect.MapMakerInternalMap$Strength;                       : loaded 2 times (x 69B)
Class [Lcom.google.common.io.FileWriteMode;                                           : loaded 2 times (x 69B)
Class com.google.common.collect.SortedMapDifference                                   : loaded 2 times (x 70B)
Class com.google.common.collect.MapMakerInternalMap$StrongKeyDummyValueSegment        : loaded 2 times (x 142B)
Class com.google.common.io.Files                                                      : loaded 2 times (x 71B)
Class com.google.common.cache.LocalCache$WriteThroughEntry                            : loaded 2 times (x 79B)
Class com.google.common.cache.LocalCache$HashIterator                                 : loaded 2 times (x 86B)
Class com.google.common.cache.LocalCache$EntryFactory                                 : loaded 2 times (x 83B)
Class [Lcom.google.common.collect.MapMaker$Dummy;                                     : loaded 2 times (x 69B)
Class com.google.common.base.CharMatcher$Whitespace                                   : loaded 2 times (x 112B)
Class com.google.common.reflect.Types$NativeTypeVariableEquals                        : loaded 2 times (x 71B)
Class com.google.common.reflect.TypeParameter                                         : loaded 2 times (x 72B)
Class com.google.common.base.Splitter$1$1                                             : loaded 2 times (x 86B)
Class com.google.common.cache.LocalCache$AbstractReferenceEntry                       : loaded 2 times (x 107B)
Class org.gradle.internal.IoActions                                                   : loaded 2 times (x 71B)
Class ijKotlinCoroutineJvmDebugInit1_n2d98el9wzxz9fu9bw0oe03z$_run_closure1$_closure2 : loaded 2 times (x 139B)
Class com.google.common.collect.ImmutableMapKeySet                                    : loaded 2 times (x 152B)
Class com.google.common.collect.ImmutableRangeSet$ComplementRanges                    : loaded 2 times (x 207B)
Class org.objectweb.asm.SymbolTable                                                   : loaded 2 times (x 72B)
Class com.google.common.cache.CacheLoader$InvalidCacheLoadException                   : loaded 2 times (x 82B)
Class com.google.common.collect.ImmutableSet$RegularSetBuilderImpl                    : loaded 2 times (x 77B)
Class org.gradle.internal.classloader.SystemClassLoaderSpec                           : loaded 2 times (x 71B)
Class com.google.common.cache.LocalCache$StrongEntry                                  : loaded 2 times (x 108B)
Class com.google.common.util.concurrent.AbstractFuture$TrustedFuture                  : loaded 2 times (x 114B)
Class com.google.common.cache.LoadingCache                                            : loaded 2 times (x 70B)
Class com.google.common.base.Suppliers$NonSerializableMemoizingSupplier               : loaded 2 times (x 79B)
Class com.google.common.io.ByteStreams$LimitedInputStream                             : loaded 2 times (x 92B)
Class org.objectweb.asm.MethodWriter                                                  : loaded 2 times (x 106B)
Class [Lcom.google.common.cache.Weigher;                                              : loaded 2 times (x 69B)
Class com.google.common.collect.RegularImmutableMap$BucketOverflowException           : loaded 2 times (x 82B)
Class com.google.common.collect.ImmutableMultimap$1                                   : loaded 2 times (x 82B)
Class com.google.common.collect.AbstractMapBasedMultimap$RandomAccessWrappedList      : loaded 2 times (x 205B)
Class com.google.common.collect.ImmutableMultimap$2                                   : loaded 2 times (x 81B)
Class com.google.common.reflect.Types$JavaVersion$1                                   : loaded 2 times (x 83B)
Class com.google.common.collect.RegularImmutableBiMap                                 : loaded 2 times (x 149B)
Class com.google.common.base.CharMatcher$Negated                                      : loaded 2 times (x 113B)
Class com.google.common.base.CharMatcher$Is                                           : loaded 2 times (x 111B)
Class com.google.common.cache.LocalCache$ValueReference                               : loaded 2 times (x 70B)
Class com.google.common.reflect.Types$JavaVersion$2                                   : loaded 2 times (x 83B)
Class com.google.common.reflect.Types                                                 : loaded 2 times (x 71B)
Class com.google.common.hash.PrimitiveSink                                            : loaded 2 times (x 70B)
Class com.google.common.base.PatternCompiler                                          : loaded 2 times (x 70B)
Class com.google.common.util.concurrent.AbstractFuture$Failure                        : loaded 2 times (x 72B)
Class com.google.common.base.Equivalence$Equals                                       : loaded 2 times (x 82B)
Class com.google.common.collect.Hashing                                               : loaded 2 times (x 71B)
Class com.google.common.base.Preconditions                                            : loaded 2 times (x 71B)
Class com.google.common.reflect.Types$JavaVersion$3                                   : loaded 2 times (x 83B)
Class [Lorg.apache.commons.io.file.DeleteOption;                                      : loaded 2 times (x 69B)
Class com.google.common.collect.ImmutableSetMultimap                                  : loaded 2 times (x 180B)
Class com.google.common.io.CharSink                                                   : loaded 2 times (x 79B)
Class com.google.common.base.Joiner$1                                                 : loaded 2 times (x 80B)
Class org.objectweb.asm.Label                                                         : loaded 2 times (x 73B)
Class org.objectweb.asm.CurrentFrame                                                  : loaded 2 times (x 73B)
Class org.objectweb.asm.ClassTooLargeException                                        : loaded 2 times (x 83B)
Class com.google.common.base.CharMatcher                                              : loaded 2 times (x 111B)
Class com.google.common.collect.PeekingIterator                                       : loaded 2 times (x 70B)
Class com.google.common.collect.MapMakerInternalMap$InternalEntryHelper               : loaded 2 times (x 70B)
Class com.google.common.collect.Table                                                 : loaded 2 times (x 70B)
Class com.google.common.reflect.Types$JavaVersion$4                                   : loaded 2 times (x 83B)
Class com.google.common.io.ByteSource$AsCharSource                                    : loaded 2 times (x 86B)
Class com.google.common.collect.Maps$IteratorBasedAbstractMap                         : loaded 2 times (x 125B)
Class com.google.common.collect.RangeGwtSerializationDependencies                     : loaded 2 times (x 71B)
Class com.google.common.base.Joiner$2                                                 : loaded 2 times (x 79B)
Class org.objectweb.asm.Frame                                                         : loaded 2 times (x 73B)
Class org.objectweb.asm.MethodVisitor                                                 : loaded 2 times (x 105B)
Class com.google.common.base.CharMatcher$NamedFastMatcher                             : loaded 2 times (x 112B)
Class com.google.common.base.CharMatcher$1                                            : loaded 2 times (x 113B)
Class com.google.common.cache.LocalCache$EntryFactory$1                               : loaded 2 times (x 83B)
Class [Lcom.google.common.cache.RemovalListener;                                      : loaded 2 times (x 69B)
Class com.google.common.reflect.Types$JavaVersion$5                                   : loaded 2 times (x 71B)
Class [Lcom.google.common.reflect.Types$ClassOwnership;                               : loaded 2 times (x 69B)
Class com.google.common.collect.RangeSet                                              : loaded 2 times (x 70B)
Class com.google.common.cache.LocalCache$EntryFactory$2                               : loaded 2 times (x 83B)
Class org.gradle.api.internal.classpath.GlobalCacheRootsProvider                      : loaded 2 times (x 70B)
Class com.google.common.collect.CollectCollectors                                     : loaded 2 times (x 71B)
Class org.objectweb.asm.ModuleWriter                                                  : loaded 2 times (x 82B)
Class com.google.common.cache.LocalCache$EntryFactory$3                               : loaded 2 times (x 83B)
Class com.google.common.base.Ticker$1                                                 : loaded 2 times (x 72B)
Class com.google.common.collect.Maps$BiMapConverter                                   : loaded 2 times (x 90B)
Class com.google.common.collect.ImmutableMapEntrySet$RegularEntrySet                  : loaded 2 times (x 152B)
Class com.google.common.collect.SetMultimap                                           : loaded 2 times (x 70B)
Class com.google.common.base.CharMatcher$InRange                                      : loaded 2 times (x 111B)
Class com.google.common.cache.LocalCache$EntryFactory$4                               : loaded 2 times (x 83B)
Class com.google.common.collect.ImmutableSet$Builder                                  : loaded 2 times (x 85B)
Class com.google.common.io.ByteStreams$1                                              : loaded 2 times (x 85B)
Class com.google.common.cache.LocalCache$EntryFactory$5                               : loaded 2 times (x 83B)
Class com.google.common.io.LineReader                                                 : loaded 2 times (x 72B)
Class org.apache.commons.io.output.AppendableWriter                                   : loaded 2 times (x 100B)
Class com.google.common.cache.LocalCache$EntryFactory$6                               : loaded 2 times (x 83B)
Class org.gradle.internal.installation.CurrentGradleInstallationLocator               : loaded 2 times (x 71B)
Class com.google.common.collect.ImmutableMultimap$Builder                             : loaded 2 times (x 86B)
Class org.objectweb.asm.ClassReader                                                   : loaded 2 times (x 94B)
Class org.apache.commons.io.output.ThresholdingOutputStream                           : loaded 2 times (x 95B)
Class com.google.common.io.ByteSource$SlicedByteSource                                : loaded 2 times (x 85B)
Class com.google.common.collect.Maps$KeySet                                           : loaded 2 times (x 137B)
Class com.google.common.cache.LocalCache$EntryFactory$7                               : loaded 2 times (x 83B)
Class com.google.common.collect.ImmutableSet$EmptySetBuilderImpl                      : loaded 2 times (x 76B)
Class com.google.common.collect.ImmutableList                                         : loaded 2 times (x 206B)
Class org.gradle.internal.service.DefaultServiceLocator                               : loaded 2 times (x 83B)
Class com.google.common.collect.ImmutableMultimap$EntryCollection                     : loaded 2 times (x 128B)
Class com.google.common.collect.Maps$EntrySet                                         : loaded 2 times (x 136B)
Class com.google.common.cache.LocalCache$EntryFactory$8                               : loaded 2 times (x 83B)
Class com.google.common.collect.ImmutableSet$SetBuilderImpl                           : loaded 2 times (x 76B)
Class org.gradle.internal.installation.CurrentGradleInstallation                      : loaded 2 times (x 73B)
Class com.google.common.collect.ForwardingObject                                      : loaded 2 times (x 72B)
Class com.google.common.cache.CacheLoader$1                                           : loaded 2 times (x 75B)
Class com.google.common.collect.ImmutableList$SubList                                 : loaded 2 times (x 209B)
Class org.gradle.util.internal.GUtil                                                  : loaded 2 times (x 71B)
Class com.google.common.io.ByteSource                                                 : loaded 2 times (x 84B)
Class com.google.common.util.concurrent.AbstractFuture$SetFuture                      : loaded 2 times (x 75B)
Class com.google.common.cache.AbstractCache$StatsCounter                              : loaded 2 times (x 70B)
Class ijKotlinCoroutineJvmDebugInit1_n2d98el9wzxz9fu9bw0oe03z                         : loaded 2 times (x 179B)
Class com.google.common.io.LineBuffer                                                 : loaded 2 times (x 75B)
Class com.google.common.collect.MapMakerInternalMap$1                                 : loaded 2 times (x 83B)
Class org.objectweb.asm.Context                                                       : loaded 2 times (x 72B)
Class com.google.common.reflect.Types$TypeVariableImpl                                : loaded 2 times (x 72B)
Class com.google.common.collect.Iterators$MergingIterator                             : loaded 2 times (x 81B)
Class com.google.common.collect.RegularImmutableSet                                   : loaded 2 times (x 149B)
Class org.gradle.internal.installation.GradleInstallation                             : loaded 2 times (x 75B)
Class com.google.common.base.Splitter$Strategy                                        : loaded 2 times (x 70B)
Class com.google.common.collect.ElementTypesAreNonnullByDefault                       : loaded 2 times (x 70B)
Class com.google.common.collect.Iterables                                             : loaded 2 times (x 71B)

---------------  S Y S T E M  ---------------

OS:
 Windows 11 , 64 bit Build 26100 (10.0.26100.3360)
OS uptime: 1 days 19:20 hours
Hyper-V role detected

CPU: total 16 (initial active 16) (8 cores per cpu, 2 threads per core) family 6 model 154 stepping 3 microcode 0x434, cx8, cmov, fxsr, ht, mmx, 3dnowpref, sse, sse2, sse3, ssse3, sse4.1, sse4.2, popcnt, lzcnt, tsc, tscinvbit, avx, avx2, aes, erms, clmul, bmi1, bmi2, adx, sha, fma, vzeroupper, clflush, clflushopt, clwb, hv, serialize, rdtscp, rdpid, fsrm, f16c, cet_ibt, cet_ss
Processor Information for processor 0
  Max Mhz: 2300, Current Mhz: 2300, Mhz Limit: 2300
Processor Information for processor 1
  Max Mhz: 2300, Current Mhz: 2300, Mhz Limit: 2300
Processor Information for processor 2
  Max Mhz: 2300, Current Mhz: 2300, Mhz Limit: 2300
Processor Information for processor 3
  Max Mhz: 2300, Current Mhz: 2300, Mhz Limit: 2300
Processor Information for processor 4
  Max Mhz: 2300, Current Mhz: 2300, Mhz Limit: 2300
Processor Information for processor 5
  Max Mhz: 2300, Current Mhz: 2300, Mhz Limit: 2300
Processor Information for processor 6
  Max Mhz: 2300, Current Mhz: 2300, Mhz Limit: 2300
Processor Information for processor 7
  Max Mhz: 2300, Current Mhz: 2300, Mhz Limit: 2300
Processor Information for processor 8
  Max Mhz: 2300, Current Mhz: 2300, Mhz Limit: 2300
Processor Information for processor 9
  Max Mhz: 2300, Current Mhz: 2300, Mhz Limit: 2300
Processor Information for processor 10
  Max Mhz: 2300, Current Mhz: 2300, Mhz Limit: 2300
Processor Information for processor 11
  Max Mhz: 2300, Current Mhz: 2300, Mhz Limit: 2300
Processor Information for processor 12
  Max Mhz: 2300, Current Mhz: 2164, Mhz Limit: 2300
Processor Information for processor 13
  Max Mhz: 2300, Current Mhz: 1488, Mhz Limit: 2300
Processor Information for processor 14
  Max Mhz: 2300, Current Mhz: 2164, Mhz Limit: 2300
Processor Information for processor 15
  Max Mhz: 2300, Current Mhz: 1488, Mhz Limit: 2300

Memory: 4k page, system-wide physical 16051M (1244M free)
TotalPageFile size 41051M (AvailPageFile size 3M)
current process WorkingSet (physical memory assigned to process): 2154M, peak: 2154M
current process commit charge ("private bytes"): 2534M, peak: 2673M

vm_info: OpenJDK 64-Bit Server VM (21.0.8+-14196175-b1038.72) for windows-amd64 JRE (21.0.8+-14196175-b1038.72), built on 2025-10-01T10:24:33Z by "builder" with MS VC++ 16.10 / 16.11 (VS2019)

END.
